time_s,d1_true,d1_pred,d2_true,d2_pred,d3_true,d3_pred,d4_true,d4_pred,pitch_true,pitch_pred,roll_true,roll_pred,d_mean_true,d_mean_pred
1.3203125,6.955986022949219,6.847991943359375,6.707045078277588,6.671478271484375,6.916173458099365,6.880701065063477,7.400323867797852,7.263588905334473,0.8709999918937683,0.8609939813613892,0.8679999709129333,0.6808053851127625,6.994882106781006,6.915940046310425
1.34375,6.976242542266846,6.830540657043457,6.744675636291504,6.669410705566406,7.092159271240234,6.892445087432861,7.425499439239502,7.25502872467041,0.8939999938011169,0.8260699510574341,0.890999972820282,0.7248967289924622,7.0596442222595215,6.911856293678284
1.359375,6.857244491577148,6.796889305114746,6.688457489013672,6.618168354034424,6.980645656585693,6.8460588455200195,7.254434108734131,7.225060939788818,0.9129999876022339,0.8850847482681274,0.9110000133514404,0.735519528388977,6.945195436477661,6.871544361114502
1.3828125,6.837985992431641,6.767236709594727,6.615570068359375,6.587166786193848,6.980645656585693,6.851729393005371,7.278155326843262,7.224207878112793,0.9350000023841858,0.885830819606781,0.9309999942779541,0.811846911907196,6.928089261054993,6.857585191726685
1.40625,6.857244491577148,6.771519660949707,6.615570068359375,6.573097229003906,6.937469005584717,6.854300498962402,7.5025954246521,7.252223014831543,0.9559999704360962,0.9420961141586304,0.953000009059906,0.859916627407074,6.978219747543335,6.86278510093689
1.4296875,6.818885326385498,6.775956153869629,6.688457489013672,6.58097505569458,6.874152660369873,6.862525939941406,7.375401020050049,7.257326602935791,0.9760000109672546,0.9233973026275635,0.9729999899864197,0.8697486519813538,6.939224123954773,6.869195938110352
1.4453125,6.915989875793457,6.756839752197266,6.562385559082031,6.531351089477539,6.895069122314453,6.831028938293457,7.326297760009766,7.262372016906738,0.996999979019165,1.030957818031311,0.9940000176429749,0.8961740732192993,6.924935579299927,6.84539794921875
1.46875,6.744014739990234,6.711541652679443,6.579977035522461,6.491604328155518,6.874152660369873,6.806668758392334,7.350727081298828,7.229486465454102,1.0190000534057617,1.0266001224517822,1.0149999856948853,0.9309347867965698,6.887217879295349,6.809825301170349
1.4921875,6.79994010925293,6.746254920959473,6.651724815368652,6.524470806121826,6.895069122314453,6.841960430145264,7.375401020050049,7.264985084533691,1.0390000343322754,0.9998907446861267,1.0360000133514404,0.9470435380935669,6.930533766746521,6.8444178104400635
1.5078125,6.896244049072266,6.72999382019043,6.562385559082031,6.492985725402832,6.812501430511475,6.798291206359863,7.3021087646484375,7.2435150146484375,1.059999942779541,1.0822665691375732,1.0570000410079956,0.9177106022834778,6.893309950828552,6.816196441650391
1.53125,6.781148433685303,6.701895713806152,6.562385559082031,6.477095603942871,6.832871913909912,6.786907196044922,7.230939865112305,7.208827018737793,1.0809998512268066,1.044409990310669,1.0779999494552612,0.9223007559776306,6.851836442947388,6.793681383132935
1.5546875,6.744014739990234,6.689164161682129,6.426353454589844,6.424522399902344,6.772287845611572,6.762287139892578,7.400323867797852,7.226656436920166,1.1030000448226929,1.169755220413208,1.0989999771118164,0.9809134006500244,6.8357449769973755,6.775657534599304
1.5703125,6.725668907165527,6.676558494567871,6.493349552154541,6.419012069702148,6.772287845611572,6.74351167678833,7.278155326843262,7.205789089202881,1.1239999532699585,1.1728379726409912,1.1200000047683716,0.9744043350219727,6.817365407943726,6.761217832565308
1.59375,6.725668907165527,6.660144805908203,6.459603309631348,6.3945136070251465,6.874152660369873,6.749996185302734,7.3021087646484375,7.214709758758545,1.1430000066757202,1.1847052574157715,1.1399999856948853,1.0413227081298828,6.840383410453796,6.754841089248657
1.6171875,6.725668907165527,6.66115665435791,6.459603309631348,6.391510963439941,6.772287845611572,6.7519426345825195,7.375401020050049,7.225282669067383,1.1660000085830688,1.2037360668182373,1.1619999408721924,1.0576027631759644,6.833240270614624,6.7574732303619385
1.6328125,6.653712272644043,6.644371032714844,6.459603309631348,6.373381614685059,6.732758045196533,6.752440452575684,7.326297760009766,7.230504035949707,1.186000108718872,1.2038092613220215,1.1829999685287476,1.1128705739974976,6.793092846870422,6.750174283981323
1.65625,6.725668907165527,6.661696434020996,6.426353454589844,6.375793933868408,6.832871913909912,6.7676191329956055,7.425499439239502,7.262783050537109,1.2079999446868896,1.2292897701263428,1.2039998769760132,1.150025725364685,6.852598428726196,6.76697313785553
1.6796875,6.6894097328186035,6.634866714477539,6.377381801605225,6.339365005493164,6.713243007659912,6.730931282043457,7.3021087646484375,7.238889694213867,1.2280001640319824,1.264223337173462,1.225000023841858,1.1416155099868774,6.770535826683044,6.736013174057007
1.703125,6.618561744689941,6.6083245277404785,6.393587589263916,6.3169097900390625,6.752438545227051,6.727630615234375,7.207670211791992,7.227564334869385,1.2489999532699585,1.2454314231872559,1.246000051498413,1.2045806646347046,6.743064522743225,6.720107316970825
1.71875,6.6894097328186035,6.5904412269592285,6.361292362213135,6.301423072814941,6.772287845611572,6.699191093444824,7.207670211791992,7.19570255279541,1.2699999809265137,1.2469253540039062,1.2669999599456787,1.163488745689392,6.757665038108826,6.696689486503601
1.7421875,6.601186752319336,6.569843769073486,6.329456329345703,6.27500581741333,6.752438545227051,6.6848554611206055,7.326297760009766,7.193142890930176,1.2979999780654907,1.2716739177703857,1.2949999570846558,1.205037236213684,6.752344846725464,6.680711984634399
1.765625,6.583942890167236,6.52723503112793,6.2365899085998535,6.230681896209717,6.713243007659912,6.65660285949707,7.139166355133057,7.158681392669678,1.315000057220459,1.2875399589538574,1.3109999895095825,1.2386773824691772,6.668235540390015,6.643300294876099
1.78125,6.618561744689941,6.534333229064941,6.313706874847412,6.244123458862305,6.752438545227051,6.667547225952148,7.207670211791992,7.163050174713135,1.3329999446868896,1.2661724090576172,1.3309999704360962,1.2287557125091553,6.723094344139099,6.652263522148132
1.8046875,6.601186752319336,6.520222187042236,6.267116069793701,6.213955879211426,6.67470121383667,6.639608383178711,7.278155326843262,7.149376392364502,1.3539999723434448,1.316014051437378,1.3539999723434448,1.2304630279541016,6.705289840698242,6.630790710449219
1.828125,6.618561744689941,6.524889945983887,6.282538414001465,6.216824531555176,6.752438545227051,6.65389347076416,7.278155326843262,7.172284126281738,1.3760000467300415,1.3118131160736084,1.371999979019165,1.2649412155151367,6.73292350769043,6.64197301864624
1.84375,6.516245365142822,6.498384952545166,6.2365899085998535,6.191575050354004,6.752438545227051,6.63932466506958,7.184620380401611,7.151183128356934,1.3969999551773071,1.3051230907440186,1.3930000066757202,1.291733741760254,6.6724735498428345,6.620116949081421
1.8671875,6.566828727722168,6.508757591247559,6.206479072570801,6.177719593048096,6.67470121383667,6.627317428588867,7.278155326843262,7.1716156005859375,1.4170000553131104,1.3785799741744995,1.4140000343322754,1.300365686416626,6.681541085243225,6.621352553367615
1.890625,6.466765880584717,6.454628944396973,6.206479072570801,6.136754035949707,6.636793613433838,6.597696304321289,7.207670211791992,7.1278300285339355,1.440000057220459,1.3408398628234863,1.4359999895095825,1.3384450674057007,6.629427194595337,6.579227328300476
1.90625,6.54984188079834,6.432010173797607,6.1329545974731445,6.105910301208496,6.713243007659912,6.572456359863281,7.050741195678711,7.107066631317139,1.4589999914169312,1.3722038269042969,1.4559999704360962,1.3548123836517334,6.611695170402527,6.554360866546631
1.9296875,6.5329813957214355,6.392960548400879,6.089994430541992,6.070497512817383,6.67470121383667,6.5352325439453125,7.094549179077148,7.06699275970459,1.4789999723434448,1.3798593282699585,1.4759998321533203,1.3548184633255005,6.5980565547943115,6.516420841217041
1.953125,6.4505109786987305,6.397315979003906,6.104220867156982,6.062484264373779,6.544680118560791,6.527502536773682,7.11675500869751,7.072072505950928,1.4989999532699585,1.4162499904632568,1.496999979019165,1.3650153875350952,6.554041743278503,6.514843821525574
1.9765625,6.466765880584717,6.3871073722839355,6.089994430541992,6.045961380004883,6.618072032928467,6.531223297119141,7.230939865112305,7.080198287963867,1.5130000114440918,1.4286164045333862,1.5110000371932983,1.4073045253753662,6.60144305229187,6.5111225843429565
1.9921875,6.418348789215088,6.363427639007568,6.061817169189453,6.010781288146973,6.508852005004883,6.506441116333008,7.184620380401611,7.065735816955566,1.5230000019073486,1.4784597158432007,1.5219999551773071,1.4289298057556152,6.543409585952759,6.486596465110779
2.015625,6.4505109786987305,6.364552974700928,6.089994430541992,6.005345344543457,6.581081390380859,6.518539905548096,7.11675500869751,7.089017868041992,1.5290000438690186,1.4885611534118652,1.527999997138977,1.4735299348831177,6.559585452079773,6.494364023208618
2.03125,6.418348789215088,6.329792499542236,5.979413986206055,5.95817756652832,6.544680118560791,6.481929779052734,7.11675500869751,7.068436622619629,1.5299999713897705,1.5265108346939087,1.529999852180481,1.5014876127243042,6.514799475669861,6.45958411693573
2.0546875,6.309283256530762,6.291455268859863,5.992931842803955,5.948973655700684,6.693892002105713,6.485545635223389,7.007716655731201,7.04017448425293,1.5299999713897705,1.4491480588912964,1.529999852180481,1.5528440475463867,6.500955939292908,6.441537261009216
2.078125,6.355375289916992,6.272530555725098,5.913068771362305,5.909306049346924,6.618072032928467,6.477795124053955,7.161787033081055,7.056283473968506,1.531000018119812,1.5094000101089478,1.5309998989105225,1.625553011894226,6.512075781822205,6.428978800773621
2.1015625,6.355375289916992,6.253105163574219,5.926175117492676,5.884119510650635,6.491147518157959,6.454909324645996,7.094549179077148,7.036787033081055,1.5360000133514404,1.5284088850021362,1.5360000133514404,1.6286686658859253,6.466811776161194,6.407230257987976
2.1171875,6.402438640594482,6.271936893463135,5.965980529785156,5.896482467651367,6.508852005004883,6.467866897583008,7.139166355133057,7.0582194328308105,1.5460000038146973,1.547539234161377,1.5460000038146973,1.6265424489974976,6.5041093826293945,6.42362642288208
2.140625,6.309283256530762,6.2464704513549805,6.006535053253174,5.890399932861328,6.508852005004883,6.457986831665039,7.02913236618042,7.02504301071167,1.559999942779541,1.5015802383422852,1.559999942779541,1.6157160997390747,6.46345067024231,6.404975056648254
2.1640625,6.294128894805908,6.220978736877441,5.939362049102783,5.868003845214844,6.526695728302002,6.433076858520508,6.944594860076904,6.993899822235107,1.5789999961853027,1.4857027530670166,1.5770000219345093,1.6147979497909546,6.426195383071899,6.378989815711975
2.1796875,6.279077529907227,6.200870990753174,5.913068771362305,5.858123302459717,6.456148624420166,6.411812782287598,6.986490249633789,6.951145172119141,1.5989999771118164,1.4629194736480713,1.5980000495910645,1.5647432804107666,6.408696293830872,6.355488061904907
2.203125,6.355375289916992,6.2256879806518555,5.913068771362305,5.871214866638184,6.544680118560791,6.423627853393555,7.139166355133057,6.989119529724121,1.621000051498413,1.4936641454696655,1.61899995803833,1.5782982110977173,6.488072633743286,6.377412557601929
2.2265625,6.294128894805908,6.215540885925293,5.926175117492676,5.846824645996094,6.404647350311279,6.397881031036377,7.094549179077148,6.979414463043213,1.6410000324249268,1.533862590789795,1.6399998664855957,1.5671875476837158,6.429875135421753,6.359915256500244
2.2421875,6.3245415687561035,6.195261001586914,5.823508262634277,5.816335678100586,6.526695728302002,6.383903503417969,6.903422832489014,6.968928337097168,1.6619999408721924,1.554214596748352,1.659999966621399,1.6072009801864624,6.394542098045349,6.341107130050659
2.265625,6.249277591705322,6.186107635498047,5.861432075500488,5.81107234954834,6.404647350311279,6.358329772949219,7.02913236618042,6.947266101837158,1.6829999685287476,1.563391089439392,1.6820000410079956,1.5715938806533813,6.386122345924377,6.325693964958191
2.2890625,6.249277591705322,6.126734256744385,5.761770725250244,5.737363815307617,6.456148624420166,6.301416397094727,6.883101463317871,6.899001121520996,1.7039999961853027,1.5950103998184204,1.7029999494552612,1.6043667793273926,6.337574601173401,6.266128897666931
2.3046875,6.264127254486084,6.131226539611816,5.749636650085449,5.727008819580078,6.473580360412598,6.316281318664551,7.02913236618042,6.926856994628906,1.7239999771118164,1.633690595626831,1.722999930381775,1.6477895975112915,6.379119157791138,6.275343418121338
2.328125,6.190857887268066,6.108750343322754,5.725575923919678,5.694103717803955,6.370956897735596,6.289484977722168,6.986490249633789,6.904837131500244,1.746000051498413,1.666252851486206,1.74399995803833,1.6536983251571655,6.318470239639282,6.24929404258728
2.3515625,6.190857887268066,6.108598709106445,5.70178747177124,5.679638385772705,6.3877387046813965,6.293864727020264,6.986490249633789,6.919526100158691,1.7669999599456787,1.6984375715255737,1.7660000324249268,1.7086749076843262,6.316718578338623,6.250406980514526
2.375,6.133951187133789,6.087178707122803,5.725575923919678,5.65280818939209,6.256886005401611,6.2647223472595215,7.007716655731201,6.8975934982299805,1.7879999876022339,1.7259833812713623,1.7879999876022339,1.6961491107940674,6.28103244304657,6.225575685501099
2.390625,6.148039817810059,6.061644554138184,5.6666035652160645,5.63405704498291,6.404647350311279,6.269269943237305,6.944594860076904,6.891955375671387,1.809999942779541,1.709591031074524,1.8079999685287476,1.7554906606674194,6.290971398353577,6.214231729507446
2.4140625,6.148039817810059,6.066115379333496,5.689993858337402,5.633626937866211,6.370956897735596,6.269173622131348,7.094549179077148,6.905261039733887,1.8300000429153442,1.7345013618469238,1.8279998302459717,1.7611868381500244,6.325884938240051,6.218544244766235
2.4375,6.205318450927734,6.0522942543029785,5.643472671508789,5.6011962890625,6.321352958679199,6.231955528259277,6.923920154571533,6.88169002532959,1.8519999980926514,1.7808871269226074,1.850000023841858,1.7400541305541992,6.273516058921814,6.191784024238586
2.453125,6.106042861938477,6.049155235290527,5.6666035652160645,5.612532615661621,6.354299545288086,6.245160102844238,6.986490249633789,6.884622097015381,1.871999979019165,1.7357511520385742,1.8700000047683716,1.7735044956207275,6.278359055519104,6.197867512702942
2.4765625,6.106042861938477,5.999386310577393,5.542454719543457,5.5468573570251465,6.256886005401611,6.188527584075928,6.883101463317871,6.836817264556885,1.8930000066757202,1.8056464195251465,1.8910000324249268,1.777904748916626,6.197121262550354,6.142897129058838
2.5,6.0512776374816895,6.0008440017700195,5.632002830505371,5.562119960784912,6.288885593414307,6.205242156982422,6.986490249633789,6.839639663696289,1.9129998683929443,1.757696509361267,1.912000060081482,1.785523533821106,6.239664077758789,6.151961445808411
2.515625,6.092221736907959,5.982512950897217,5.609250545501709,5.5485358238220215,6.370956897735596,6.196798324584961,6.923920154571533,6.822333335876465,1.934999942779541,1.7344090938568115,1.934000015258789,1.7992433309555054,6.249087333679199,6.137545108795166
2.5390625,6.0512776374816895,5.969525337219238,5.575582981109619,5.525522232055664,6.272828102111816,6.180373191833496,7.007716655731201,6.816473007202148,1.9550000429153442,1.7651652097702026,1.9539999961853027,1.8126312494277954,6.2268513441085815,6.122973442077637
2.5625,6.078487873077393,5.952936172485352,5.499096393585205,5.495981216430664,6.256886005401611,6.1670331954956055,6.883101463317871,6.812439918518066,1.9730000495910645,1.794801950454712,1.9739999771118164,1.848048210144043,6.17939293384552,6.107097625732422
2.578125,6.024404525756836,5.943775177001953,5.50985050201416,5.487279415130615,6.241057395935059,6.166231632232666,7.007716655731201,6.812131881713867,1.9859999418258667,1.784362554550171,1.9850000143051147,1.873085618019104,6.195757269859314,6.102354526519775
2.6015625,6.011092185974121,5.915987968444824,5.50985050201416,5.4473466873168945,6.288885593414307,6.1353302001953125,6.944594860076904,6.7944841384887695,1.9939998388290405,1.814423680305481,1.9940000772476196,1.8926923274993896,6.188605785369873,6.07328724861145
2.625,6.011092185974121,5.918878078460693,5.499096393585205,5.449997425079346,6.256886005401611,6.146435260772705,6.944594860076904,6.801260948181152,1.9980000257492065,1.8059648275375366,1.996999979019165,1.9011369943618774,6.1779173612594604,6.079142928123474
2.640625,6.03779935836792,5.917428016662598,5.425358295440674,5.428318977355957,6.209736347198486,6.134795188903809,6.965450763702393,6.8095903396606445,1.9980000257492065,1.8667269945144653,1.9980000257492065,1.926339030265808,6.159586191177368,6.072533130645752
2.6640625,5.997861385345459,5.906136512756348,5.467167854309082,5.426115989685059,6.209736347198486,6.126214027404785,6.944594860076904,6.788798809051514,1.9980000257492065,1.8409953117370605,1.9980000257492065,1.9042284488677979,6.154840111732483,6.061816334724426
2.6875,5.958649158477783,5.8722333908081055,5.415038585662842,5.38388729095459,6.103494167327881,6.082638263702393,6.842973709106445,6.74620246887207,1.9980000257492065,1.872963786125183,1.9980000257492065,1.8902493715286255,6.080038905143738,6.0212403535842896
2.7109375,5.945735931396484,5.861127853393555,5.425358295440674,5.380756378173828,6.163573265075684,6.082736015319824,6.823162078857422,6.735372543334961,1.996999979019165,1.8450703620910645,1.9980000257492065,1.892570972442627,6.089457392692566,6.014998197555542
2.7265625,5.945735931396484,5.847921848297119,5.364212512969971,5.355909824371338,6.103494167327881,6.055636405944824,6.883101463317871,6.716285705566406,1.9930000305175781,1.889648199081421,1.9940000772476196,1.876564621925354,6.074136018753052,5.993938446044922
2.75,5.945735931396484,5.820534706115723,5.344233989715576,5.334630012512207,6.209736347198486,6.038428783416748,6.803515911102295,6.684486389160156,1.9839999675750732,1.8681089878082275,1.9850000143051147,1.8877085447311401,6.0758055448532104,5.9695199728012085
2.7734375,5.920140266418457,5.820550441741943,5.344233989715576,5.318551540374756,6.103494167327881,6.018078804016113,6.842973709106445,6.68167781829834,1.9709999561309814,1.9182155132293701,1.9730000495910645,1.8705995082855225,6.05271053314209,5.959714651107788
2.7890625,5.907456398010254,5.820908546447754,5.374276161193848,5.317940711975098,6.133327484130859,6.016445159912109,6.862952709197998,6.691361427307129,1.9539999961853027,1.9102152585983276,1.9559999704360962,1.8863272666931152,6.06950318813324,5.9616639614105225
2.8125,5.8574604988098145,5.799760818481445,5.324451923370361,5.304506778717041,6.059494495391846,6.003227233886719,6.764708042144775,6.654478073120117,1.931999921798706,1.8879477977752686,1.934000015258789,1.8668243885040283,6.001528739929199,5.940493226051331
2.8359375,5.869850158691406,5.793747425079346,5.3343186378479,5.288791179656982,6.030648231506348,5.978514194488525,6.745542049407959,6.646210670471191,1.9129998683929443,1.9111922979354858,1.9139999151229858,1.8501726388931274,5.995089769363403,5.926815867424011
2.8515625,5.820720195770264,5.769514560699463,5.3343186378479,5.289328098297119,6.059494495391846,5.978212356567383,6.726531505584717,6.614418983459473,1.8899999856948853,1.8367996215820312,1.8919999599456787,1.8483052253723145,5.985266208648682,5.912868499755859
2.875,5.8574604988098145,5.750644683837891,5.247215747833252,5.249484062194824,6.088728427886963,5.956604957580566,6.726531505584717,6.607149124145508,1.8690000772476196,1.881618618965149,1.871000051498413,1.8747345209121704,5.9799840450286865,5.890970706939697
2.8984375,5.796576023101807,5.728756427764893,5.266247272491455,5.2343363761901855,5.974082946777344,5.936556339263916,6.726531505584717,6.577408790588379,1.8489998579025269,1.8809303045272827,1.8509999513626099,1.855223536491394,5.940859436988831,5.869264483451843
2.921875,5.784606456756592,5.711743354797363,5.25670862197876,5.206992149353027,6.002180576324463,5.9217753410339355,6.726531505584717,6.5764007568359375,1.8279999494552612,1.9022178649902344,1.8300000429153442,1.8837437629699707,5.942506790161133,5.854227900505066
2.9375,5.820720195770264,5.731137275695801,5.304862022399902,5.231130599975586,5.974082946777344,5.920795917510986,6.707674503326416,6.573959827423096,1.8060001134872437,1.8887557983398438,1.809000015258789,1.807522177696228,5.9518349170684814,5.864255905151367
2.9609375,5.832896709442139,5.716031551361084,5.266247272491455,5.20886754989624,6.016367435455322,5.894989490509033,6.597629070281982,6.552099704742432,1.784999966621399,1.9121383428573608,1.7879999876022339,1.78952157497406,5.928285121917725,5.842997074127197
2.984375,5.796576023101807,5.699856758117676,5.228363990783691,5.201869010925293,6.045023441314697,5.889987945556641,6.597629070281982,6.533970832824707,1.7649999856948853,1.8783349990844727,1.7680000066757202,1.7920920848846436,5.916898131370544,5.831421136856079
3.0,5.749100208282471,5.677513122558594,5.228363990783691,5.185500144958496,5.946346759796143,5.866473197937012,6.597629070281982,6.501709938049316,1.74399995803833,1.8666422367095947,1.74399995803833,1.7677016258239746,5.880360007286072,5.8077991008758545
3.0234375,5.725758075714111,5.676722526550293,5.266247272491455,5.201391696929932,5.960170269012451,5.866637229919434,6.509760856628418,6.486332893371582,1.7269999980926514,1.7975783348083496,1.7289999723434448,1.739517092704773,5.865484118461609,5.80777108669281
3.046875,5.725758075714111,5.663975238800049,5.266247272491455,5.199986457824707,5.960170269012451,5.856717109680176,6.527068138122559,6.464488983154297,1.715000033378601,1.7652862071990967,1.715999960899353,1.7162925004959106,5.869810938835144,5.796291947364807
3.0625,5.668515682220459,5.647094249725342,5.25670862197876,5.191005706787109,5.918963432312012,5.84567403793335,6.527068138122559,6.442371368408203,1.7070000171661377,1.7306469678878784,1.7070000171661377,1.7065913677215576,5.842813968658447,5.781536340713501
3.0859375,5.749100208282471,5.675840377807617,5.237767696380615,5.204742431640625,5.932611465454102,5.853383541107178,6.579785346984863,6.46695613861084,1.7029999494552612,1.757613182067871,1.7029999494552612,1.6886557340621948,5.874816179275513,5.800230622291565
3.109375,5.702672481536865,5.642946243286133,5.2190046310424805,5.172219276428223,5.838855266571045,5.826418876647949,6.509760856628418,6.43484354019165,1.7029999494552612,1.7668812274932861,1.7029999494552612,1.6884108781814575,5.817573308944702,5.769106984138489
3.125,5.691224575042725,5.651246070861816,5.2190046310424805,5.156974792480469,5.825791835784912,5.803075313568115,6.4755330085754395,6.442254066467285,1.7029999494552612,1.8276697397232056,1.7029999494552612,1.6584538221359253,5.802888512611389,5.763387560844421
3.1484375,5.668515682220459,5.624581336975098,5.191188812255859,5.131897926330566,5.812808513641357,5.77662992477417,6.458609580993652,6.410888671875,1.7020000219345093,1.8262746334075928,1.7020000219345093,1.643134355545044,5.782780647277832,5.7359994649887085
3.171875,5.601837635040283,5.608414173126221,5.209689617156982,5.1287922859191895,5.865225315093994,5.777572154998779,6.458609580993652,6.399735450744629,1.6970000267028809,1.770860195159912,1.6979999542236328,1.6508028507232666,5.783840537071228,5.728628516197205
3.1875,5.657253265380859,5.588966369628906,5.172859191894531,5.111985206604004,5.865225315093994,5.762519836425781,6.375827312469482,6.377274513244629,1.687000036239624,1.766873836517334,1.6890000104904175,1.6391838788986206,5.767791271209717,5.71018648147583
3.2109375,5.590929985046387,5.533871650695801,5.110013961791992,5.063617706298828,5.851999759674072,5.7414751052856445,6.392144203186035,6.343776702880859,1.6729999780654907,1.7397128343582153,1.6749999523162842,1.6954368352890015,5.736271977424622,5.670685291290283
3.234375,5.623826503753662,5.551489353179932,5.118869781494141,5.061577320098877,5.774327754974365,5.73118257522583,6.392144203186035,6.352144718170166,1.6540000438690186,1.797363042831421,1.656999945640564,1.6730101108551025,5.727292060852051,5.674098491668701
3.2578125,5.547867298126221,5.520039081573486,5.145679473876953,5.0430450439453125,5.761655330657959,5.720768928527832,6.392144203186035,6.337427139282227,1.6330000162124634,1.7577463388442993,1.6360000371932983,1.697835922241211,5.711836576461792,5.655320048332214
3.2734375,5.537240505218506,5.4742431640625,5.074984550476074,5.000814914703369,5.749058246612549,5.687332630157471,6.295962810516357,6.293194770812988,1.6130000352859497,1.7545160055160522,1.6160001754760742,1.7165935039520264,5.664311528205872,5.613896369934082
3.296875,5.569286346435547,5.463921546936035,5.066324710845947,4.982203483581543,5.724087715148926,5.668748378753662,6.295962810516357,6.281948089599609,1.5920000076293945,1.7894309759140015,1.5950000286102295,1.6995068788528442,5.663915395736694,5.599205374717712
3.3203125,5.526669025421143,5.447995185852051,5.066324710845947,4.973629474639893,5.711712837219238,5.664401531219482,6.295962810516357,6.265328407287598,1.5709999799728394,1.7666759490966797,1.5740000009536743,1.702164888381958,5.650167346000671,5.587838649749756
3.3359375,5.569286346435547,5.445159912109375,5.040572166442871,4.967560291290283,5.7870774269104,5.659479141235352,6.295962810516357,6.2624921798706055,1.5490000247955322,1.7753264904022217,1.5509999990463257,1.702117919921875,5.673224687576294,5.583672881126404
3.359375,5.484918117523193,5.439188480377197,5.092421054840088,4.978940010070801,5.699410438537598,5.6523356437683105,6.249370098114014,6.2384514808654785,1.5299999713897705,1.7184549570083618,1.5320000648498535,1.652349591255188,5.631529927253723,5.577228903770447
3.3828125,5.474612236022949,5.43227481842041,5.057702541351318,4.97509241104126,5.650911808013916,5.640554428100586,6.188718318939209,6.220934867858887,1.5080000162124634,1.7104487419128418,1.5110000371932983,1.6417568922042847,5.592986226081848,5.567214131355286
3.3984375,5.505687236785889,5.4269280433654785,5.066324710845947,4.9759745597839355,5.699410438537598,5.639157772064209,6.280324459075928,6.215449333190918,1.4869999885559082,1.6890971660614014,1.4900000095367432,1.61957585811615,5.63793671131134,5.564377427101135
3.421875,5.444003105163574,5.408409595489502,5.0235915184021,4.94627046585083,5.56866455078125,5.5923991203308105,6.203727722167969,6.171364784240723,1.465000033378601,1.7232437133789062,1.465999960899353,1.5692049264907837,5.559996724128723,5.529610991477966
3.4453125,5.484918117523193,5.407721519470215,5.0235915184021,4.94000768661499,5.650911808013916,5.586394786834717,6.173810005187988,6.1735358238220215,1.444000005722046,1.7318412065505981,1.4470000267028809,1.565994381904602,5.583307862281799,5.526914954185486
3.4609375,5.3939900398254395,5.364798545837402,4.973522663116455,4.897266387939453,5.603515148162842,5.541171550750732,6.144289970397949,6.128924369812012,1.4229999780654907,1.7075496912002563,1.4259999990463257,1.5573228597640991,5.528829455375671,5.4830402135849
3.484375,5.364564895629883,5.3489789962768555,5.0235915184021,4.904670238494873,5.61526346206665,5.536735534667969,6.072167873382568,6.100961685180664,1.4019999504089355,1.641562581062317,1.4040000438690186,1.531011939048767,5.5188969373703,5.47283661365509
3.5078125,5.423849582672119,5.348623275756836,4.998394966125488,4.914437770843506,5.627078533172607,5.535848617553711,6.100734233856201,6.088685035705566,1.38100004196167,1.594632625579834,1.38100004196167,1.5012595653533936,5.537514328956604,5.471898674964905
3.53125,5.374325752258301,5.309265613555908,4.998394966125488,4.897621154785156,5.580216407775879,5.499353408813477,6.016124725341797,6.026659965515137,1.3550000190734863,1.5240259170532227,1.3569999933242798,1.446122169494629,5.492265462875366,5.433225035667419
3.546875,5.384134292602539,5.316415786743164,4.9900689125061035,4.903902530670166,5.489564418792725,5.4828901290893555,5.988631725311279,6.011270046234131,1.340000033378601,1.5342684984207153,1.3429999351501465,1.3893439769744873,5.463099837303162,5.428619623184204
3.5703125,5.3355631828308105,5.281301021575928,4.981778144836426,4.893105983734131,5.56866455078125,5.466639518737793,5.9750142097473145,5.974270343780518,1.318000078201294,1.442237377166748,1.3209999799728394,1.378511667251587,5.46525502204895,5.403829216957092
3.5859375,5.374325752258301,5.315915584564209,4.973522663116455,4.911890983581543,5.523093223571777,5.4709086418151855,6.072167873382568,5.997312545776367,1.2969999313354492,1.4959934949874878,1.2999999523162842,1.3423140048980713,5.485777378082275,5.424006938934326
3.609375,5.2787861824035645,5.259676933288574,4.9489665031433105,4.878118515014648,5.5571770668029785,5.449541091918945,5.934664726257324,5.948855876922607,1.2790000438690186,1.4150714874267578,1.281000018119812,1.3647822141647339,5.429898619651794,5.384048104286194
3.6328125,5.316458225250244,5.2754034996032715,4.932767868041992,4.874863147735596,5.424111843109131,5.428495407104492,5.961481094360352,5.949324131011963,1.2649999856948853,1.4843376874923706,1.2669999599456787,1.3239394426345825,5.40870475769043,5.382021546363831
3.65625,5.260213375091553,5.237405300140381,4.940850257873535,4.857289791107178,5.4134039878845215,5.404788970947266,5.921380043029785,5.90531587600708,1.25600004196167,1.4235752820968628,1.2569999694824219,1.2982760667800903,5.383961915969849,5.351199984550476
3.671875,5.250991344451904,5.231756210327148,4.932767868041992,4.851841926574707,5.4134039878845215,5.387348175048828,5.856152534484863,5.888561725616455,1.2510000467300415,1.421381950378418,1.2510000467300415,1.2661631107330322,5.36332893371582,5.339877009391785
3.6953125,5.241812229156494,5.182848930358887,4.90077543258667,4.831319332122803,5.467513084411621,5.361208915710449,5.792843341827393,5.825854778289795,1.25,1.3322900533676147,1.25,1.2390118837356567,5.350736021995544,5.300307989120483
3.71875,5.241812229156494,5.19414758682251,4.92471981048584,4.837782859802246,5.402752876281738,5.348047256469727,5.8433403968811035,5.821649551391602,1.2489999532699585,1.3371975421905518,1.2489999532699585,1.1944185495376587,5.353156328201294,5.300406813621521
3.734375,5.260213375091553,5.1857075691223145,4.908723831176758,4.842743396759033,5.424111843109131,5.345409393310547,5.817943096160889,5.804702281951904,1.24399995803833,1.2904150485992432,1.2450000047683716,1.1665011644363403,5.3527480363845825,5.29464066028595
3.7578125,5.241812229156494,5.198029518127441,4.916705131530762,4.858145713806152,5.371130466461182,5.339085578918457,5.805356502532959,5.801828861236572,1.2350000143051147,1.2794451713562012,1.2359999418258667,1.1257809400558472,5.333751082420349,5.299272418022156
3.78125,5.169867038726807,5.177550315856934,4.884977340698242,4.824667930603027,5.3297224044799805,5.311363697052002,5.830604076385498,5.787386417388916,1.222000002861023,1.309991717338562,1.2239999771118164,1.137981653213501,5.303792715072632,5.27524209022522
3.796875,5.15228271484375,5.1463847160339355,4.877127170562744,4.808121204376221,5.350320339202881,5.30076265335083,5.7680344581604,5.756441593170166,1.2029999494552612,1.2524462938308716,1.2060000896453857,1.1440677642822266,5.286941170692444,5.252927541732788
3.8203125,5.205512523651123,5.159117698669434,4.838353633880615,4.8001508712768555,5.371130466461182,5.295093059539795,5.805356502532959,5.77381706237793,1.184000015258789,1.3081995248794556,1.184999942779541,1.1464167833328247,5.30508828163147,5.257044672966003
3.84375,5.196540832519531,5.139825820922852,4.853768348693848,4.7788543701171875,5.279131889343262,5.254952907562256,5.743511199951172,5.7377848625183105,1.1599998474121094,1.3255577087402344,1.1619999408721924,1.0940905809402466,5.268238067626953,5.227854490280151
3.859375,5.143548965454102,5.144636631011963,4.869308948516846,4.798819541931152,5.3297224044799805,5.277441501617432,5.7557373046875,5.749512672424316,1.1410000324249268,1.2557222843170166,1.1430000066757202,1.1053518056869507,5.274579405784607,5.242602586746216
3.8828125,5.100454330444336,5.085122108459473,4.815463542938232,4.753089904785156,5.279131889343262,5.22730827331543,5.695296764373779,5.683917999267578,1.1200001239776611,1.225829839706421,1.121999979019165,1.103467583656311,5.222586631774902,5.187359571456909
3.90625,5.143548965454102,5.097493648529053,4.823062896728516,4.757791996002197,5.239560127258301,5.216949462890625,5.683412551879883,5.682648658752441,1.0989999771118164,1.2540706396102905,1.1009999513626099,1.0620962381362915,5.2223961353302,5.188720941543579
3.9296875,5.108997821807861,5.0709099769592285,4.823062896728516,4.747516632080078,5.269165515899658,5.210831642150879,5.719266891479492,5.659224987030029,1.0770000219345093,1.1896848678588867,1.0789999961853027,1.075766921043396,5.230123281478882,5.172120809555054
3.9453125,5.108997821807861,5.063157558441162,4.807894706726074,4.73197603225708,5.200758934020996,5.181683540344238,5.671594619750977,5.633345603942871,1.0570000410079956,1.223785161972046,1.059000015258789,1.0291945934295654,5.197311520576477,5.152540683746338
3.96875,5.075046062469482,5.0312604904174805,4.807894706726074,4.720953464508057,5.210388660430908,5.161070823669434,5.579367637634277,5.59353494644165,1.0360000133514404,1.1615030765533447,1.0379999876022339,1.0283483266830444,5.1681742668151855,5.126704931259155
3.9921875,5.100454330444336,5.031528949737549,4.800355911254883,4.734714508056641,5.249380111694336,5.1632184982299805,5.624975204467773,5.583246231079102,1.0160000324249268,1.1242597103118896,1.0169999599456787,1.0013569593429565,5.193791389465332,5.128177046775818
4.0078125,5.033421516418457,5.006462574005127,4.792847156524658,4.727451801300049,5.200758934020996,5.139829158782959,5.556931495666504,5.539302825927734,0.9940000176429749,1.0580898523330688,0.9959999918937683,0.9720968008041382,5.145989775657654,5.103261590003967
4.03125,5.041675567626953,4.98662805557251,4.777918815612793,4.716375350952148,5.181639194488525,5.124268054962158,5.556931495666504,5.514510154724121,0.9739999771118164,1.0401278734207153,0.9760000109672546,0.9687698483467102,5.139541268348694,5.085445404052734
4.0546875,4.984622955322266,4.9585442543029785,4.763107776641846,4.703957557678223,5.17214822769165,5.1092705726623535,5.556931495666504,5.491079330444336,0.9520000219345093,0.9855942726135254,0.953999936580658,0.9757332801818848,5.119202613830566,5.065712928771973
4.0703125,5.000752925872803,4.938894748687744,4.755745887756348,4.6828718185424805,5.125365257263184,5.08127498626709,5.512770652770996,5.458818435668945,0.9309999942779541,0.9999843835830688,0.9330000281333923,0.9503409266471863,5.0986586809158325,5.040464997291565
4.09375,4.976608753204346,4.9331374168396,4.7853684425354,4.689152240753174,5.07966947555542,5.0696916580200195,5.491037368774414,5.439923286437988,0.9110000133514404,0.9640296101570129,0.9120000004768372,0.9116839170455933,5.083171010017395,5.032976150512695
4.1171875,4.968627452850342,4.915239334106445,4.748412609100342,4.683124542236328,5.116140365600586,5.053434371948242,5.448244094848633,5.4075236320495605,0.8889999985694885,0.9291340708732605,0.890999972820282,0.8811473846435547,5.070356130599976,5.014830470085144
4.1328125,4.929210186004639,4.91253137588501,4.748412609100342,4.687104225158691,5.088723659515381,5.045149803161621,5.43768310546875,5.392913341522217,0.8669999837875366,0.9000495076179504,0.8690000176429749,0.8493447303771973,5.051007390022278,5.009424686431885
4.15625,4.960679054260254,4.891273498535156,4.712170124053955,4.660353660583496,5.035017013549805,5.00728178024292,5.385676860809326,5.365386009216309,0.8459999561309814,0.9381484389305115,0.846000075340271,0.8254987597465515,5.023385763168335,4.98107373714447
4.1796875,4.905943393707275,4.867880821228027,4.705005168914795,4.656294822692871,5.04386568069458,4.999687194824219,5.375432014465332,5.333276271820068,0.8259999752044678,0.8683881759643555,0.828000009059906,0.8162609338760376,5.007561564445496,4.964284777641296
4.1953125,4.890588283538818,4.84927225112915,4.6907572746276855,4.648707866668701,5.052755355834961,4.98483943939209,5.365238189697266,5.310256004333496,0.8050000667572021,0.8454952836036682,0.8069999814033508,0.8075001239776611,4.999834775924683,4.948268890380859
4.21875,4.921422958374023,4.837690830230713,4.6907572746276855,4.6406779289245605,5.0174384117126465,4.956620216369629,5.305124282836914,5.276988983154297,0.784000039100647,0.8375504016876221,0.7860000133514404,0.758825421333313,4.983685731887817,4.9279944896698
4.2421875,4.882956504821777,4.828646659851074,4.705005168914795,4.642559051513672,5.000018119812012,4.946753025054932,5.285475254058838,5.2517499923706055,0.7630000114440918,0.7950129508972168,0.7649999856948853,0.7300164699554443,4.9683637619018555,4.917427182197571
4.265625,4.875355243682861,4.808228492736816,4.676617622375488,4.641678810119629,5.0174384117126465,4.931787967681885,5.227649688720703,5.214221954345703,0.7419999837875366,0.7342297434806824,0.7440000176429749,0.688646674156189,4.949265241622925,4.898979306221008
4.28125,4.81561803817749,4.822479724884033,4.726583003997803,4.662664890289307,4.974177837371826,4.942239761352539,5.305124282836914,5.220572471618652,0.7210000157356262,0.6945657730102539,0.7230000495910645,0.6729457378387451,4.955375790596008,4.911989212036133
4.3046875,4.882956504821777,4.815817832946777,4.6978678703308105,4.6580810546875,4.982753276824951,4.931448936462402,5.275722026824951,5.207367897033691,0.699999988079071,0.6843174695968628,0.7020000219345093,0.6540548205375671,4.959824919700623,4.903178930282593
4.3203125,4.837799549102783,4.7877197265625,4.648656845092773,4.632797718048096,4.982753276824951,4.910050392150879,5.24674129486084,5.1861371994018555,0.6790000200271606,0.6872320771217346,0.6809999942779541,0.6642568707466125,4.928987741470337,4.8791762590408325
4.34375,4.81561803817749,4.788561820983887,4.676617622375488,4.629386901855469,4.915197372436523,4.8842058181762695,5.190002918243408,5.166494369506836,0.6579999923706055,0.7040704488754272,0.6600000262260437,0.6175746321678162,4.8993589878082275,4.867162227630615
4.3671875,4.786442756652832,4.753164291381836,4.648656845092773,4.6097822189331055,4.923513412475586,4.861065864562988,5.143919467926025,5.121146202087402,0.6370000243186951,0.6437203288078308,0.6389999985694885,0.6035720109939575,4.875633120536804,4.836289644241333
4.390625,4.800973892211914,4.766640663146973,4.6556077003479,4.609652042388916,4.8660478591918945,4.830057144165039,5.143919467926025,5.109824180603027,0.6150000095367432,0.6926405429840088,0.6159999966621399,0.53357994556427,4.866637229919434,4.829043507575989
4.40625,4.772022724151611,4.734573841094971,4.614289283752441,4.5911407470703125,4.882290840148926,4.824766159057617,5.1257805824279785,5.087764263153076,0.593999981880188,0.6553467512130737,0.5960000157356262,0.5664101243019104,4.848595857620239,4.809561252593994
4.4296875,4.786442756652832,4.724008083343506,4.607491970062256,4.582857608795166,4.890464782714844,4.798060417175293,5.089992523193359,5.063624382019043,0.5740000009536743,0.6513227224349976,0.5759999752044678,0.5291942954063416,4.843598008155823,4.792137622833252
4.453125,4.7648539543151855,4.724714279174805,4.641732215881348,4.591965198516846,4.857977867126465,4.7908172607421875,5.089992523193359,5.047999382019043,0.5540000200271606,0.617654025554657,0.5550000071525574,0.500237226486206,4.838639140129089,4.78887403011322
4.46875,4.722408771514893,4.6868462562561035,4.614289283752441,4.573115825653076,4.849941730499268,4.773437023162842,5.054841041564941,5.008970260620117,0.531000018119812,0.5607167482376099,0.5329999923706055,0.5031601786613464,4.810370206832886,4.760592341423035
4.4921875,4.729416370391846,4.696247577667236,4.627959728240967,4.593764305114746,4.857977867126465,4.784145832061768,5.063570022583008,5.00681734085083,0.5109999775886536,0.5126596689224243,0.5120000243186951,0.4949421286582947,4.819730997085571,4.770243763923645
4.515625,4.701542377471924,4.657804489135742,4.600719451904297,4.567373752593994,4.810264587402344,4.758166790008545,5.0288825035095215,4.969500541687012,0.492000013589859,0.4759036898612976,0.49400001764297485,0.5001286864280701,4.7853522300720215,4.738211393356323
4.53125,4.70847225189209,4.6502156257629395,4.580550670623779,4.548895359039307,4.794623374938965,4.736624240875244,5.0288825035095215,4.95862340927124,0.4779999852180481,0.5100414156913757,0.4790000021457672,0.5043471455574036,4.778132200241089,4.723589658737183
4.5546875,4.660499572753906,4.613150119781494,4.587248802185059,4.549415111541748,4.810264587402344,4.734949111938477,4.944759845733643,4.915829181671143,0.4690000116825104,0.40153300762176514,0.4690000116825104,0.5106269717216492,4.750693202018738,4.703335881233215
4.578125,4.653746604919434,4.602503299713135,4.580550670623779,4.5361328125,4.756079196929932,4.705495357513428,4.936543941497803,4.8965606689453125,0.46299999952316284,0.42565760016441345,0.46299999952316284,0.47930607199668884,4.731730103492737,4.685173034667969
4.6015625,4.613739013671875,4.5756988525390625,4.600719451904297,4.540944576263428,4.756079196929932,4.704024314880371,4.8959784507751465,4.857550144195557,0.4620000123977661,0.31775370240211487,0.4620000123977661,0.4574570059776306,4.7166290283203125,4.6695544719696045
4.6171875,4.626978874206543,4.55045223236084,4.540865898132324,4.516849517822266,4.748464107513428,4.677391052246094,4.879987716674805,4.8326239585876465,0.460999995470047,0.3329698443412781,0.460999995470047,0.4477161169052124,4.699074149131775,4.644329190254211
4.640625,4.640314102172852,4.560840606689453,4.567226409912109,4.529899597167969,4.725802898406982,4.671530723571777,4.887966632843018,4.825803279876709,0.4569999873638153,0.3310195803642273,0.4580000042915344,0.41507911682128906,4.70532751083374,4.647018551826477
4.6640625,4.6470184326171875,4.554703235626221,4.52782678604126,4.504058361053467,4.7034125328063965,4.632110595703125,4.856247901916504,4.808778762817383,0.4490000009536743,0.4019147753715515,0.4490000009536743,0.37774112820625305,4.683626413345337,4.624912738800049
4.6796875,4.587542533874512,4.545713901519775,4.50844144821167,4.485471248626709,4.68128776550293,4.617650985717773,4.856247901916504,4.803337574005127,0.4350000023841858,0.4305778443813324,0.4359999895095825,0.38494595885276794,4.658379912376404,4.613043427467346
4.703125,4.561715126037598,4.541018962860107,4.52782678604126,4.488264560699463,4.673970699310303,4.6143412590026855,4.856247901916504,4.794013023376465,0.4169999957084656,0.4075923562049866,0.4189999997615814,0.37858426570892334,4.654940128326416,4.60940945148468
4.7265625,4.574583530426025,4.549325466156006,4.540865898132324,4.502187252044678,4.673970699310303,4.626013278961182,4.848399639129639,4.795253753662109,0.3959999978542328,0.36983174085617065,0.3970000147819519,0.3728436827659607,4.659454941749573,4.618194937705994
4.7421875,4.5489373207092285,4.515421390533447,4.50844144821167,4.48425817489624,4.68128776550293,4.609618663787842,4.801971435546875,4.764989852905273,0.375,0.32177796959877014,0.37700000405311584,0.3920632004737854,4.635159492492676,4.593572020530701
4.765625,4.555315017700195,4.499044418334961,4.489260673522949,4.472362518310547,4.652191638946533,4.6029276847839355,4.779173851013184,4.750235557556152,0.3540000021457672,0.31846681237220764,0.35600000619888306,0.39395326375961304,4.618985295295715,4.581142544746399
4.7890625,4.517378330230713,4.4736857414245605,4.495631694793701,4.4707770347595215,4.659422874450684,4.59456729888916,4.741775035858154,4.720749855041504,0.3310000002384186,0.23946493864059448,0.3319999873638153,0.38800811767578125,4.603551983833313,4.5649449825286865
4.8046875,4.523646354675293,4.467796325683594,4.439083099365234,4.4456586837768555,4.595335960388184,4.561009883880615,4.727019309997559,4.70597505569458,0.31299999356269836,0.3186508119106293,0.3140000104904175,0.365313321352005,4.571271181106567,4.545109987258911
4.828125,4.52993631362915,4.464179992675781,4.439083099365234,4.434071063995361,4.595335960388184,4.545061111450195,4.741775035858154,4.699118614196777,0.2919999957084656,0.34219056367874146,0.2939999997615814,0.3593395948410034,4.576532602310181,4.535607695579529
4.8515625,4.517378330230713,4.456632137298584,4.445279598236084,4.423003673553467,4.574459075927734,4.517300605773926,4.6906280517578125,4.677655220031738,0.27000001072883606,0.34747493267059326,0.2720000147819519,0.3202938139438629,4.556936264038086,4.518647909164429
4.8671875,4.437808990478516,4.424674987792969,4.432908058166504,4.410379409790039,4.588350296020508,4.520143508911133,4.697850227355957,4.65505838394165,0.24799999594688416,0.2771874964237213,0.2499999850988388,0.3549630343914032,4.539229393005371,4.502564072608948
4.890625,4.4438066482543945,4.412164688110352,4.445279598236084,4.412028789520264,4.553817272186279,4.502014636993408,4.640835285186768,4.62394905090332,0.2280000001192093,0.23230648040771484,0.23000000417232513,0.303569495677948,4.520934700965881,4.487539291381836
4.9140625,4.4318318367004395,4.391404151916504,4.432908058166504,4.411553382873535,4.5266523361206055,4.496258735656738,4.6268486976623535,4.593177795410156,0.20800000429153442,0.17399737238883972,0.20900000631809235,0.285268634557724,4.504560232162476,4.473098516464233
4.9375,4.437808990478516,4.391767501831055,4.445279598236084,4.423299789428711,4.513219833374023,4.485672473907471,4.619894504547119,4.574848651885986,0.18700000643730164,0.12659332156181335,0.1889999955892563,0.2359163910150528,4.5040507316589355,4.468897104263306
4.953125,4.414017200469971,4.377490997314453,4.426753997802734,4.4051055908203125,4.466973781585693,4.4616618156433105,4.6060638427734375,4.55153226852417,0.16600000858306885,0.14593605697155,0.16699999570846558,0.21348737180233002,4.478452205657959,4.4489476680755615
4.9765625,4.384715557098389,4.3709635734558105,4.445279598236084,4.421317100524902,4.473508834838867,4.456912517547607,4.558451175689697,4.528554916381836,0.14399999380111694,0.06133270263671875,0.1459999978542328,0.18755434453487396,4.465488791465759,4.444437026977539
5.0,4.3616156578063965,4.346539497375488,4.37826681137085,4.385091781616211,4.473508834838867,4.42067813873291,4.545069694519043,4.502431392669678,0.12399999797344208,0.11062750220298767,0.12600000202655792,0.1768197864294052,4.439615249633789,4.413685202598572
5.015625,4.384715557098389,4.3439040184021,4.439083099365234,4.405390739440918,4.441068649291992,4.411528587341309,4.492495059967041,4.470205307006836,0.10199999809265137,0.030527770519256592,0.10400000214576721,0.11088584363460541,4.439340591430664,4.4077571630477905
5.0390625,4.3673624992370605,4.32128381729126,4.384256362915039,4.385101318359375,4.453974723815918,4.399640083312988,4.498985290527344,4.454185485839844,0.08100000023841858,0.03295275568962097,0.08299999684095383,0.1282610148191452,4.42614471912384,4.390052676200867
5.0625,4.35017728805542,4.309578895568848,4.384256362915039,4.380727291107178,4.441068649291992,4.376107215881348,4.466762542724609,4.426442623138428,0.05900001525878906,0.008129358291625977,0.05900000035762787,0.09440666437149048,4.410566210746765,4.37321400642395
5.078125,4.344485759735107,4.312258720397949,4.432908058166504,4.388373851776123,4.3532328605651855,4.361697196960449,4.447698593139648,4.408572196960449,0.03999999165534973,0.003973484039306641,0.04100000113248825,0.043889544904232025,4.394581317901611,4.367725491523743
5.1015625,4.299600124359131,4.272047519683838,4.354507923126221,4.36641788482666,4.390350341796875,4.34256649017334,4.397817134857178,4.370949745178223,0.018999993801116943,-0.03964361548423767,0.020999999716877937,0.05147702246904373,4.360568881034851,4.337995409965515
5.125,4.35017728805542,4.279964923858643,4.348617076873779,4.3598246574401855,4.384109973907471,4.319005489349365,4.391677379608154,4.362260818481445,-0.0029999613761901855,0.018151968717575073,-0.0010000000474974513,0.009568784385919571,4.368645429611206,4.33026397228241
5.140625,4.288555145263672,4.255779266357422,4.390266418457031,4.371386528015137,4.377892017364502,4.33561372756958,4.397817134857178,4.341379642486572,-0.02399998903274536,-0.08565738797187805,-0.02199999988079071,0.03499177470803261,4.363632678985596,4.326039791107178
5.1640625,4.250434875488281,4.246462345123291,4.36041784286499,4.351995468139648,4.322881698608398,4.303936958312988,4.367325782775879,4.321583271026611,-0.04500001668930054,-0.05935382843017578,-0.043000005185604095,0.0007961955852806568,4.325265049934387,4.305994510650635
5.1875,4.2666707038879395,4.23518180847168,4.331061840057373,4.3432135581970215,4.334959983825684,4.297338962554932,4.337342262268066,4.310535430908203,-0.06599995493888855,-0.06470349431037903,-0.06400000303983688,0.01646016351878643,4.317508697509766,4.296567440032959
5.203125,4.255829811096191,4.229828834533691,4.372297286987305,4.357163906097412,4.328910827636719,4.296616554260254,4.2961907386779785,4.290938854217529,-0.08699998259544373,-0.13152864575386047,-0.08500000089406967,-0.022123070433735847,4.313307166099548,4.293637037277222
5.2265625,4.234348297119141,4.196137428283691,4.319453716278076,4.323446750640869,4.298969745635986,4.274538040161133,4.313711166381836,4.269748687744141,-0.10900002717971802,-0.1106853187084198,-0.10599999874830246,0.007306559942662716,4.29162073135376,4.2659677267074585
5.25,4.229018688201904,4.179894924163818,4.3368940353393555,4.322791576385498,4.310885429382324,4.2655558586120605,4.250296592712402,4.243913650512695,-0.1290000081062317,-0.17322194576263428,-0.12700001895427704,-0.012230204418301582,4.281773686408997,4.253039002418518
5.2734375,4.202613830566406,4.1835246086120605,4.354507923126221,4.331896781921387,4.281245708465576,4.257676601409912,4.267367839813232,4.233302593231201,-0.1499999761581421,-0.19313585758209229,-0.14800000190734863,-0.05014481022953987,4.276433825492859,4.25160014629364
5.2890625,4.213127613067627,4.170529365539551,4.354507923126221,4.331943988800049,4.269527912139893,4.246052265167236,4.205562114715576,4.21124792098999,-0.17100000381469727,-0.22732669115066528,-0.17000001668930054,-0.07630987465381622,4.260681390762329,4.2399433851242065
5.3125,4.181774616241455,4.165196895599365,4.348617076873779,4.331822395324707,4.234836101531982,4.236933708190918,4.216639518737793,4.196049690246582,-0.19200003147125244,-0.24512094259262085,-0.18999998271465302,-0.1033090204000473,4.245466828346252,4.232500672340393
5.3359375,4.192162990570068,4.1535773277282715,4.2850799560546875,4.300155162811279,4.223423480987549,4.203511714935303,4.205562114715576,4.1839919090271,-0.21299999952316284,-0.1811498999595642,-0.210999995470047,-0.1035822182893753,4.22655713558197,4.210309028625488
5.3515625,4.145899772644043,4.143612384796143,4.319453716278076,4.301156044006348,4.1896257400512695,4.193345069885254,4.167331695556641,4.160111904144287,-0.23500001430511475,-0.21038681268692017,-0.2329999953508377,-0.1387050300836563,4.205577731132507,4.199556350708008
5.375,4.171448230743408,4.1466875076293945,4.307921409606934,4.298311233520508,4.184056282043457,4.170477867126465,4.129919528961182,4.144529342651367,-0.2549999952316284,-0.19874024391174316,-0.2529999911785126,-0.1902187317609787,4.198336362838745,4.190001487731934
5.3984375,4.145899772644043,4.131562232971191,4.2850799560546875,4.286596298217773,4.184056282043457,4.153992652893066,4.119376182556152,4.120105743408203,-0.2760000228881836,-0.21287381649017334,-0.27399998903274536,-0.20760053396224976,4.183603048324585,4.173064231872559
5.4140625,4.120724678039551,4.112739086151123,4.279415607452393,4.285151481628418,4.172970294952393,4.137772560119629,4.057431221008301,4.0858473777771,-0.296999990940094,-0.26044124364852905,-0.29499998688697815,-0.2411832958459854,4.157635450363159,4.155377626419067
5.4375,4.105794906616211,4.104181289672852,4.296463489532471,4.283072471618652,4.14013147354126,4.129116535186768,4.067602157592773,4.072749137878418,-0.31700003147125244,-0.2844836115837097,-0.3160000145435333,-0.25979211926460266,4.152498006820679,4.147279858589172
5.4609375,4.105794906616211,4.091497898101807,4.268141269683838,4.281400680541992,4.156472682952881,4.122592449188232,4.03226375579834,4.054769039154053,-0.33899998664855957,-0.3152462840080261,-0.3370000123977661,-0.2683662176132202,4.140668153762817,4.137565016746521
5.4765625,4.081197738647461,4.085569858551025,4.256938457489014,4.271082878112793,4.107905864715576,4.101487636566162,4.0025434494018555,4.0311455726623535,-0.35899996757507324,-0.3043181896209717,-0.3569999933242798,-0.3026888370513916,4.112146377563477,4.1223214864730835
5.5,4.076320648193359,4.065728187561035,4.268141269683838,4.265171051025391,4.107905864715576,4.098825931549072,3.9976401329040527,4.01721715927124,-0.3810000419616699,-0.33822542428970337,-0.3790000081062317,-0.2897149622440338,4.1125019788742065,4.111735582351685
5.5234375,4.06660795211792,4.057693958282471,4.251363754272461,4.260539531707764,4.086752891540527,4.076131820678711,3.9589133262634277,3.9921114444732666,-0.40299999713897705,-0.3483561873435974,-0.4009999930858612,-0.3387305736541748,4.090909481048584,4.096619188785553
5.546875,4.0377984046936035,4.026601314544678,4.234745979309082,4.241734981536865,4.076273441314697,4.060797214508057,3.9351508617401123,3.9638261795043945,-0.42299991846084595,-0.371826708316803,-0.42100000381469727,-0.3274479806423187,4.070992171764374,4.0732399225234985
5.5625,4.028303146362305,4.022112846374512,4.229241371154785,4.236395359039307,4.065858364105225,4.048364162445068,3.9351508617401123,3.944845199584961,-0.4440000057220459,-0.37953001260757446,-0.4439999759197235,-0.35320359468460083,4.064638435840607,4.062929391860962
5.5859375,4.0001325607299805,4.005743503570557,4.256938457489014,4.235705852508545,4.06067419052124,4.0438618659973145,3.9304380416870117,3.9262306690216064,-0.4649999737739563,-0.43752527236938477,-0.46299999952316284,-0.3583157956600189,4.0620458126068115,4.052885472774506
5.609375,4.014159202575684,4.000743865966797,4.240267753601074,4.225395202636719,4.004669666290283,4.019606590270996,3.88860821723938,3.905844211578369,-0.4860000014305115,-0.4183505177497864,-0.48499998450279236,-0.400953471660614,4.036926209926605,4.03789746761322
5.625,3.972425937652588,3.95609974861145,4.2182841300964355,4.203365325927734,4.024821758270264,4.0042524337768555,3.8477978706359863,3.863947868347168,-0.5080000162124634,-0.4896617531776428,-0.5059999823570251,-0.38482293486595154,4.015832424163818,4.006916344165802
5.6484375,4.0001325607299805,3.9653828144073486,4.212831020355225,4.197291374206543,3.994682788848877,3.9750077724456787,3.834413528442383,3.856184959411621,-0.5280000567436218,-0.45729756355285645,-0.5260000228881836,-0.4317963719367981,4.010514974594116,3.998466730117798
5.671875,3.9770121574401855,3.956914186477661,4.196573734283447,4.190529823303223,3.955317258834839,3.9661760330200195,3.821136474609375,3.842010021209717,-0.5479999780654907,-0.4414125084877014,-0.5460000038146973,-0.437610924243927,3.9875099062919617,3.988907516002655
5.6875,3.9632909297943115,3.959181547164917,4.191188335418701,4.1898722648620605,3.955317258834839,3.9489994049072266,3.786242961883545,3.827136754989624,-0.5699999928474426,-0.44330960512161255,-0.5680000185966492,-0.4740852415561676,3.974009871482849,3.981297492980957
5.7109375,3.940669298171997,3.9541516304016113,4.2182841300964355,4.201385974884033,3.9407896995544434,3.947831153869629,3.764803647994995,3.8037495613098145,-0.590999960899353,-0.4886739253997803,-0.5889999866485596,-0.5117247700691223,3.9661366939544678,3.976779580116272
5.734375,3.9317057132720947,3.933370351791382,4.207395076751709,4.194392681121826,3.9359750747680664,3.9272055625915527,3.7310738563537598,3.7697343826293945,-0.6130000352859497,-0.5424636006355286,-0.6119999885559082,-0.5388108491897583,3.9515374302864075,3.956175744533539
5.7578125,3.8919570446014404,3.9123754501342773,4.180467128753662,4.18821382522583,3.926387071609497,3.918344020843506,3.7269060611724854,3.7406058311462402,-0.6330000162124634,-0.588208794593811,-0.6309999823570251,-0.5513339638710022,3.9314293265342712,3.9398847818374634
5.7734375,3.9317057132720947,3.8955776691436768,4.153950214385986,4.1674065589904785,3.8839111328125,3.8855199813842773,3.6898691654205322,3.7095448970794678,-0.653999924659729,-0.5737407207489014,-0.6520000100135803,-0.5754771828651428,3.9148590564727783,3.914512276649475
5.796875,3.896326780319214,3.8855249881744385,4.16450834274292,4.165441513061523,3.8839111328125,3.872382164001465,3.665639877319336,3.686570644378662,-0.6750000715255737,-0.621100127696991,-0.6729999780654907,-0.6045323610305786,3.9025965332984924,3.902479827404022
5.8125,3.861687421798706,3.8834049701690674,4.185819149017334,4.174724578857422,3.8653759956359863,3.8641247749328613,3.6536600589752197,3.658607006072998,-0.6950000524520874,-0.674018383026123,-0.6940000057220459,-0.6574162840843201,3.8916356563568115,3.895215332508087
5.8359375,3.8789165019989014,3.8772246837615967,4.180467128753662,4.171545028686523,3.860774517059326,3.847876787185669,3.6417689323425293,3.6386778354644775,-0.718000054359436,-0.6871045827865601,-0.7200000882148743,-0.690948486328125,3.8904817700386047,3.8838310837745667
5.859375,3.861687421798706,3.8555057048797607,4.159221172332764,4.167450428009033,3.847046136856079,3.8362812995910645,3.595066547393799,3.6062517166137695,-0.7380000352859497,-0.740580677986145,-0.7360000014305115,-0.7160254716873169,3.865755319595337,3.866372287273407
5.8828125,3.8404016494750977,3.8422765731811523,4.153950214385986,4.162222385406494,3.851609706878662,3.829274892807007,3.583601236343384,3.5890309810638428,-0.7589999437332153,-0.7746964693069458,-0.7580000162124634,-0.7196727991104126,3.8573907017707825,3.855701208114624
5.8984375,3.836177349090576,3.827650308609009,4.133026123046875,4.151897430419922,3.8244168758392334,3.811546564102173,3.557166337966919,3.5648958683013916,-0.7799999713897705,-0.7836658954620361,-0.7829999923706055,-0.7380067110061646,3.837696671485901,3.838997542858124
5.921875,3.7986409664154053,3.8086161613464355,4.133026123046875,4.146973133087158,3.8154516220092773,3.8060851097106934,3.5422561168670654,3.544757127761841,-0.8009999990463257,-0.8151893615722656,-0.8029999732971191,-0.7294230461120605,3.8223437070846558,3.826607882976532
5.9453125,3.8110575675964355,3.8105239868164062,4.138233184814453,4.15137243270874,3.806535243988037,3.7900819778442383,3.512852430343628,3.5274298191070557,-0.8230000734329224,-0.8315373659133911,-0.8209999799728394,-0.781260073184967,3.8171696066856384,3.81985205411911
5.9609375,3.794523000717163,3.8034827709198,4.153950214385986,4.155529022216797,3.7757046222686768,3.78788685798645,3.512852430343628,3.5083470344543457,-0.843000054359436,-0.8798171281814575,-0.840999960899353,-0.795860767364502,3.8092575669288635,3.813811421394348
5.984375,3.757922887802124,3.764564275741577,4.086856365203857,4.11829948425293,3.7670016288757324,3.7568674087524414,3.4768552780151367,3.4747262001037598,-0.8639999628067017,-0.8688150644302368,-0.8619999885559082,-0.7816956639289856,3.7721590399742126,3.778614342212677
6.0078125,3.770031452178955,3.7547173500061035,4.097009181976318,4.107495307922363,3.7713472843170166,3.7395641803741455,3.4662158489227295,3.4556455612182617,-0.8839999437332153,-0.868579626083374,-0.8830000758171082,-0.803986132144928,3.776150941848755,3.7643555998802185
6.03125,3.7300167083740234,3.72123384475708,4.091925144195557,4.092848777770996,3.74544620513916,3.7232534885406494,3.4243717193603516,3.421220064163208,-0.902999997138977,-0.9195418357849121,-0.9020000100135803,-0.8021352887153625,3.747939944267273,3.7396390438079834
6.046875,3.7300167083740234,3.7166624069213867,4.11749792098999,4.090237140655518,3.7241733074188232,3.7045373916625977,3.4106712341308594,3.401060104370117,-0.9110000133514404,-0.9372072219848633,-0.9100000858306885,-0.8476873636245728,3.745589792728424,3.728124260902405
6.0703125,3.7103750705718994,3.7051124572753906,4.1123528480529785,4.088178634643555,3.703176736831665,3.6935179233551025,3.376944065093994,3.380484104156494,-0.9179999828338623,-0.973433256149292,-0.9179999828338623,-0.8636566400527954,3.7257121801376343,3.7168232798576355
6.0859375,3.7103750705718994,3.7021148204803467,4.102108478546143,4.080211639404297,3.690708875656128,3.679166078567505,3.370286703109741,3.3722028732299805,-0.9210000038146973,-0.9653711318969727,-0.9210000038146973,-0.8836722373962402,3.718369781970978,3.7084238529205322
6.109375,3.702585220336914,3.695629835128784,4.097009181976318,4.087531089782715,3.690708875656128,3.6728508472442627,3.3406822681427,3.354336977005005,-0.9210000038146973,-1.007656455039978,-0.9210000038146973,-0.9078558683395386,3.707746386528015,3.7025871872901917
6.1328125,3.664193630218506,3.6820943355560303,4.107223033905029,4.088856220245361,3.6619884967803955,3.667081356048584,3.337428092956543,3.327707290649414,-0.9220000505447388,-1.0634621381759644,-0.9219999313354492,-0.928276002407074,3.6927083134651184,3.6914348006248474
6.1484375,3.6490917205810547,3.665191411972046,4.0717387199401855,4.066175937652588,3.6258041858673096,3.639573812484741,3.3341808319091797,3.309981346130371,-0.9259999990463257,-1.0256134271621704,-0.925000011920929,-0.9316115975379944,3.6702038645744324,3.6702306270599365
6.171875,3.6490917205810547,3.643103837966919,4.0468363761901855,4.050090789794922,3.6218340396881104,3.610532522201538,3.273771047592163,3.2745113372802734,-0.9350000619888306,-1.045211672782898,-0.9330000281333923,-0.9651535749435425,3.6478832960128784,3.644559621810913
6.1953125,3.634131908416748,3.6506588459014893,4.04189920425415,4.042960166931152,3.590425491333008,3.599963903427124,3.2831501960754395,3.275987148284912,-0.9480000734329224,-1.0038553476333618,-0.9459999799728394,-0.9759652614593506,3.6374017000198364,3.6423925161361694
6.21875,3.626704454421997,3.6222281455993652,4.002911567687988,4.017826557159424,3.582669973373413,3.5761098861694336,3.258268356323242,3.244553565979004,-0.965999960899353,-0.9925304651260376,-0.9629999399185181,-0.9732922911643982,3.61763858795166,3.6151795387268066
6.234375,3.6082870960235596,3.6114933490753174,3.9837496280670166,4.005273818969727,3.598219394683838,3.5646255016326904,3.236830711364746,3.2325148582458496,-0.9869999885559082,-0.9824099540710449,-0.984000027179718,-0.9653287529945374,3.60677170753479,3.603476881980896
6.2578125,3.5973386764526367,3.5978879928588867,3.9885199069976807,3.9958698749542236,3.590425491333008,3.554445266723633,3.2186975479125977,3.2103114128112793,-1.0099999904632568,-1.0011483430862427,-1.00600004196167,-0.971565842628479,3.5987454056739807,3.5896286368370056
6.28125,3.572084903717041,3.578850746154785,3.974249839782715,3.9741570949554443,3.552023410797119,3.532032012939453,3.1830828189849854,3.192359685897827,-1.0290000438690186,-0.9993810653686523,-1.0260000228881836,-0.969578206539154,3.570360243320465,3.5693498849868774
6.296875,3.5756678581237793,3.576974630355835,3.974249839782715,3.9769372940063477,3.555821657180786,3.5285544395446777,3.1889593601226807,3.1784844398498535,-1.0499999523162842,-1.0167876482009888,-1.0470000505447388,-0.9937336444854736,3.5736746788024902,3.5652377009391785
6.3203125,3.5437123775482178,3.557386636734009,3.950732707977295,3.9584622383117676,3.5256900787353516,3.5112500190734863,3.1684930324554443,3.1614484786987305,-1.0709998607635498,-1.0236120223999023,-1.069000005722046,-0.9895858764648438,3.547157049179077,3.5471368432044983
6.34375,3.5332038402557373,3.547145128250122,3.974249839782715,3.961515188217163,3.507148504257202,3.5055789947509766,3.1483073234558105,3.1362361907958984,-1.093999981880188,-1.0679516792297363,-1.090999960899353,-1.0176036357879639,3.540727376937866,3.53761887550354
6.359375,3.5262374877929688,3.5378475189208984,3.9789931774139404,3.9578890800476074,3.507148504257202,3.4946088790893555,3.1283960342407227,3.1183013916015625,-1.1130000352859497,-1.1101181507110596,-1.1100000143051147,-1.042918086051941,3.5351938009262085,3.527161717414856
6.3828125,3.5020978450775146,3.519442558288574,3.946068525314331,3.942862033843994,3.4635307788848877,3.4660441875457764,3.0976459980010986,3.091891050338745,-1.1339998245239258,-1.122562289237976,-1.1299999952316284,-1.0643950700759888,3.502335786819458,3.5050599575042725
6.40625,3.49186635017395,3.5012853145599365,3.964803457260132,3.939810037612915,3.4599506855010986,3.4595947265625,3.072962999343872,3.0625967979431152,-1.156000018119812,-1.1729812622070312,-1.152999997138977,-1.084433913230896,3.497395873069763,3.4908217191696167
6.421875,3.49186635017395,3.5023512840270996,3.9414172172546387,3.940338134765625,3.456378936767578,3.447352647781372,3.05673885345459,3.0540802478790283,-1.1759999990463257,-1.1759904623031616,-1.1729999780654907,-1.1118272542953491,3.486600339412689,3.4860305786132812
6.4453125,3.4817018508911133,3.478405475616455,3.913778781890869,3.9310901165008545,3.4492604732513428,3.424650192260742,3.0091392993927,3.0128679275512695,-1.1970000267028809,-1.214805006980896,-1.194000005722046,-1.1433717012405396,3.4634701013565063,3.4617534279823303
6.46875,3.4749624729156494,3.477555274963379,3.9275407791137695,3.927239179611206,3.4316065311431885,3.4068751335144043,2.9987740516662598,2.9951627254486084,-1.216999888420105,-1.215573787689209,-1.21399986743927,-1.1771445274353027,3.458220958709717,3.4517080783843994
6.484375,3.4417011737823486,3.4587557315826416,3.9046666622161865,3.917227029800415,3.417628049850464,3.391317129135132,2.9681243896484375,2.9648115634918213,-1.2389999628067017,-1.2407426834106445,-1.2359999418258667,-1.1966381072998047,3.433030068874359,3.4330278635025024
6.5078125,3.425337076187134,3.452646255493164,3.9321534633636475,3.918869733810425,3.410686492919922,3.3832597732543945,2.955547571182251,2.947004556655884,-1.2599999904632568,-1.2762281894683838,-1.2569999694824219,-1.2199554443359375,3.4309311509132385,3.425445079803467
6.53125,3.425337076187134,3.450969934463501,3.913778781890869,3.916518211364746,3.376443386077881,3.36993408203125,2.9505481719970703,2.9269917011260986,-1.2810001373291016,-1.271126627922058,-1.277999997138977,-1.2493536472320557,3.4165268540382385,3.416103482246399
6.5546875,3.415601968765259,3.4350600242614746,3.913778781890869,3.90522837638855,3.35292387008667,3.350334405899048,2.9111812114715576,2.8998048305511475,-1.3020000457763672,-1.2908952236175537,-1.2990001440048218,-1.2707518339157104,3.398371458053589,3.397606909275055
6.5703125,3.3867642879486084,3.420341730117798,3.9092164039611816,3.904911756515503,3.3462705612182617,3.341426372528076,2.882368803024292,2.8710522651672363,-1.3229999542236328,-1.337958812713623,-1.3200000524520874,-1.2939963340759277,3.381155014038086,3.3844330310821533
6.59375,3.389941692352295,3.417109489440918,3.8910915851593018,3.900927782058716,3.35292387008667,3.3228654861450195,2.8588080406188965,2.857944965362549,-1.3440001010894775,-1.3248144388198853,-1.340999960899353,-1.328521728515625,3.3731912970542908,3.3747119307518005
6.6171875,3.3741211891174316,3.4119420051574707,3.9001293182373047,3.895094156265259,3.31343674659729,3.3048529624938965,2.844862461090088,2.8338735103607178,-1.3650000095367432,-1.3311445713043213,-1.3609999418258667,-1.3588343858718872,3.3581374287605286,3.361440658569336
6.6328125,3.3615827560424805,3.3900439739227295,3.877626657485962,3.8783185482025146,3.316688060760498,3.29465389251709,2.817389488220215,2.8166351318359375,-1.3860000371932983,-1.3412091732025146,-1.3830000162124634,-1.342596411705017,3.343321740627289,3.344912886619568
6.65625,3.3522467613220215,3.4010815620422363,3.913778781890869,3.892268419265747,3.274960994720459,3.288017749786377,2.8016154766082764,2.803720474243164,-1.406999945640564,-1.3593276739120483,-1.40500009059906,-1.3940953016281128,3.3356505036354065,3.346272051334381
6.6796875,3.3306851387023926,3.3722612857818604,3.8821029663085938,3.8712525367736816,3.268643379211426,3.265245199203491,2.7727978229522705,2.7755823135375977,-1.4279999732971191,-1.3732160329818726,-1.4249999523162842,-1.394572377204895,3.3135573267936707,3.3210853338241577
6.6953125,3.327630043029785,3.3683791160583496,3.8821029663085938,3.874288320541382,3.2781295776367188,3.2651190757751465,2.770606279373169,2.76353120803833,-1.4490000009536743,-1.3920271396636963,-1.4459999799728394,-1.400557041168213,3.3146172165870667,3.317829430103302
6.71875,3.3185017108917236,3.3599352836608887,3.868710517883301,3.861830949783325,3.237452745437622,3.2429656982421875,2.7402937412261963,2.74908447265625,-1.472000002861023,-1.376167893409729,-1.468999981880188,-1.4122880697250366,3.2912396788597107,3.303454101085663
6.7421875,3.3064165115356445,3.3404946327209473,3.8510210514068604,3.8481390476226807,3.2099320888519287,3.219590187072754,2.7023022174835205,2.718094825744629,-1.4910000562667847,-1.3906689882278442,-1.4880001544952393,-1.4325590133666992,3.2674179673194885,3.2815796732902527
6.7578125,3.300410509109497,3.332566261291504,3.868710517883301,3.8507707118988037,3.231292724609375,3.2177090644836426,2.6857593059539795,2.700254440307617,-1.5119999647140503,-1.4289034605026245,-1.5089999437332153,-1.4502341747283936,3.271543264389038,3.275325119495392
6.78125,3.2678022384643555,3.3085556030273438,3.8510210514068604,3.839174270629883,3.228222131729126,3.2050251960754395,2.6633455753326416,2.6757454872131348,-1.533000111579895,-1.4580895900726318,-1.5299999713897705,-1.4517961740493774,3.252597749233246,3.25712513923645
6.8046875,3.2648730278015137,3.30771541595459,3.8642702102661133,3.839512348175049,3.1769797801971436,3.1874866485595703,2.6333844661712646,2.6550533771514893,-1.5540000200271606,-1.4702000617980957,-1.5509999990463257,-1.4901031255722046,3.234876871109009,3.2474419474601746
6.828125,3.2474184036254883,3.293783664703369,3.846627950668335,3.8350424766540527,3.1799449920654297,3.18552303314209,2.6215896606445312,2.6408157348632812,-1.5750000476837158,-1.493862509727478,-1.5720000267028809,-1.485114574432373,3.223895251750946,3.2387912273406982
6.84375,3.2387678623199463,3.294499397277832,3.8378772735595703,3.8362348079681396,3.1563897132873535,3.1618666648864746,2.596395254135132,2.6190807819366455,-1.596000075340271,-1.4869346618652344,-1.593000054359436,-1.5407044887542725,3.2073575258255005,3.227920413017273
6.8671875,3.2330286502838135,3.2660586833953857,3.820513963699341,3.816277027130127,3.1681199073791504,3.1428489685058594,2.5679218769073486,2.592181444168091,-1.6169999837875366,-1.4966564178466797,-1.6139999628067017,-1.538516640663147,3.1973960995674133,3.2043415307998657
6.890625,3.215944528579712,3.2740001678466797,3.8291726112365723,3.8227505683898926,3.1303374767303467,3.1353092193603516,2.5623021125793457,2.583836555480957,-1.6380001306533813,-1.4955037832260132,-1.6360000371932983,-1.570719599723816,3.184439182281494,3.20397412776947
6.90625,3.2046642303466797,3.246182680130005,3.8248376846313477,3.8063619136810303,3.127471446990967,3.116501808166504,2.5290915966033936,2.5573034286499023,-1.659000039100647,-1.5240932703018188,-1.656000018119812,-1.574790596961975,3.171516239643097,3.1815874576568604
6.9296875,3.1851308345794678,3.246825695037842,3.8248376846313477,3.8113560676574707,3.1019294261932373,3.1055898666381836,2.507422924041748,2.5395140647888184,-1.6799999475479126,-1.5320411920547485,-1.6769999265670776,-1.610074758529663,3.15483021736145,3.1758214235305786
6.953125,3.1795973777770996,3.227219343185425,3.8248376846313477,3.8010964393615723,3.093514919281006,3.0916519165039062,2.4843602180480957,2.527693271636963,-1.7009998559951782,-1.5441328287124634,-1.7020000219345093,-1.6044354438781738,3.145577549934387,3.1619152426719666
6.9765625,3.1713364124298096,3.22713041305542,3.820513963699341,3.803647041320801,3.068563222885132,3.074723243713379,2.4565443992614746,2.5033111572265625,-1.724000096321106,-1.553956389427185,-1.7209999561309814,-1.6510711908340454,3.129239499568939,3.1522029638290405
6.9921875,3.1576716899871826,3.209620475769043,3.8248376846313477,3.794039249420166,3.063076972961426,3.0572304725646973,2.429335355758667,2.4797418117523193,-1.7419999837875366,-1.568913221359253,-1.7400000095367432,-1.6676151752471924,3.1187304258346558,3.1351580023765564
7.015625,3.133394718170166,3.197810411453247,3.8291726112365723,3.794391632080078,3.063076972961426,3.050900936126709,2.409313440322876,2.4605188369750977,-1.7619999647140503,-1.6110694408416748,-1.7600001096725464,-1.680528163909912,3.10873943567276,3.125905454158783
7.03125,3.154953956604004,3.1999399662017822,3.7905638217926025,3.7918918132781982,3.0386459827423096,3.030339241027832,2.3896117210388184,2.447434425354004,-1.784999966621399,-1.587907314300537,-1.781999945640564,-1.711349606513977,3.0934438705444336,3.117401361465454
7.0546875,3.125391960144043,3.18782377243042,3.7905638217926025,3.787074565887451,3.0172765254974365,3.02091121673584,2.384735345840454,2.4277026653289795,-1.8070000410079956,-1.6002404689788818,-1.8079999685287476,-1.7176064252853394,3.079491913318634,3.1058780550956726
7.078125,3.1095187664031982,3.1551709175109863,3.803332567214966,3.7733283042907715,3.0225887298583984,3.0009021759033203,2.3464105129241943,2.3969974517822266,-1.8270000219345093,-1.6495598554611206,-1.8240000009536743,-1.7279554605484009,3.070462644100189,3.081599712371826
7.09375,3.096423625946045,3.1557865142822266,3.7905638217926025,3.779034376144409,2.9988389015197754,2.9926342964172363,2.3230581283569336,2.38299560546875,-1.848000168800354,-1.6645077466964722,-1.8450000286102295,-1.75581955909729,3.052221119403839,3.0776126980781555
7.1171875,3.0886237621307373,3.1369643211364746,3.794808864593506,3.768496036529541,2.9858152866363525,2.9664742946624756,2.291109561920166,2.3518505096435547,-1.8690000772476196,-1.671904444694519,-1.8650000095367432,-1.7886799573898315,3.0400893688201904,3.0559462904930115
7.140625,3.0680291652679443,3.1253931522369385,3.761152982711792,3.7597744464874268,2.9677822589874268,2.9598026275634766,2.2836272716522217,2.339296340942383,-1.8899999856948853,-1.6736818552017212,-1.8869999647140503,-1.7760061025619507,3.020147919654846,3.046066641807556
7.15625,3.0629265308380127,3.1128106117248535,3.7695019245147705,3.7542834281921387,2.9525082111358643,2.9460716247558594,2.2614586353302,2.316187858581543,-1.9109998941421509,-1.7072054147720337,-1.9079999923706055,-1.7952772378921509,3.011598825454712,3.0323383808135986
7.1796875,3.0426976680755615,3.1037559509277344,3.744582414627075,3.744452714920044,2.9274168014526367,2.9226438999176025,2.2282555103302,2.295194149017334,-1.9320000410079956,-1.6850346326828003,-1.9290000200271606,-1.814883828163147,2.9857380986213684,3.0165116786956787
7.203125,3.027712821960449,3.0925381183624268,3.761152982711792,3.7473485469818115,2.9175057411193848,2.916393995285034,2.216923475265503,2.2769615650177,-1.9509998559951782,-1.7330008745193481,-1.9489998817443848,-1.8302994966506958,2.9808237552642822,3.008310556411743
7.2265625,3.0227530002593994,3.085071086883545,3.7736926078796387,3.7486491203308105,2.9052157402038574,2.897609233856201,2.1918227672576904,2.2516825199127197,-1.968000054359436,-1.7560933828353882,-1.965999960899353,-1.8715437650680542,2.9733710289001465,2.995752990245819
7.2421875,3.012885332107544,3.0719828605651855,3.7695019245147705,3.743917226791382,2.8978939056396484,2.886810779571533,2.1713132858276367,2.2328274250030518,-1.9800001382827759,-1.7816206216812134,-1.9789999723434448,-1.877517819404602,2.9628986120224,2.983884572982788
7.265625,3.0030863285064697,3.0558557510375977,3.7528464794158936,3.74070143699646,2.8881912231445312,2.871314525604248,2.1366090774536133,2.2072548866271973,-1.9870001077651978,-1.8123866319656372,-1.9859999418258667,-1.903006672859192,2.945183277130127,2.9687816500663757
7.2890625,2.978883743286133,3.046949863433838,3.761152982711792,3.743553400039673,2.864230155944824,2.860541582107544,2.114476442337036,2.185880184173584,-1.9899998903274536,-1.8517018556594849,-1.9900000095367432,-1.9281957149505615,2.9296858310699463,2.9592312574386597
7.3046875,2.9717037677764893,3.041682720184326,3.732264757156372,3.74117112159729,2.843017816543579,2.843465805053711,2.1042091846466064,2.1684341430664062,-1.9899998903274536,-1.841394066810608,-1.9900000095367432,-1.9492864608764648,2.9127988815307617,2.9486884474754333
7.328125,2.9764862060546875,3.0295193195343018,3.7363603115081787,3.744145154953003,2.8336949348449707,2.8327298164367676,2.0789437294006348,2.14646053314209,-1.9889999628067017,-1.8812743425369263,-1.9889999628067017,-1.9727401733398438,2.906371295452118,2.9382137060165405
7.3515625,2.9480338096618652,3.0198960304260254,3.724104881286621,3.739058494567871,2.8175320625305176,2.819296360015869,2.057908296585083,2.1235122680664062,-1.9850000143051147,-1.895164132118225,-1.9859999418258667,-1.981593370437622,2.8868947625160217,2.925440788269043
7.3671875,2.931701421737671,3.00010347366333,3.7079076766967773,3.725005626678467,2.799293279647827,2.8049588203430176,2.048145294189453,2.105890989303589,-1.9759999513626099,-1.8869189023971558,-1.9739998579025269,-1.9692609310150146,2.871761918067932,2.908989727497101
7.390625,2.920152425765991,2.9911162853240967,3.6759941577911377,3.719724655151367,2.785773992538452,2.790712356567383,2.027681589126587,2.0951170921325684,-1.962999939918518,-1.8728853464126587,-1.9639999866485596,-1.9660556316375732,2.852400541305542,2.8991675972938538
7.4140625,2.9064197540283203,2.987088203430176,3.668114185333252,3.7190749645233154,2.7768359184265137,2.7880029678344727,2.0146403312683105,2.092961311340332,-1.9450000524520874,-1.8597453832626343,-1.9470000267028809,-1.9509592056274414,2.841502547264099,2.896781861782074
7.4296875,2.868239164352417,2.9635848999023438,3.6563661098480225,3.7008891105651855,2.7503738403320312,2.7698545455932617,1.9971041679382324,2.071960210800171,-1.9239999055862427,-1.8640271425247192,-1.9259999990463257,-1.937558650970459,2.818020820617676,2.8765721917152405
7.453125,2.8616106510162354,2.934488296508789,3.6408355236053467,3.678938865661621,2.7503738403320312,2.7544453144073486,1.9798460006713867,2.0521481037139893,-1.902999997138977,-1.8660389184951782,-1.9049999713897705,-1.9114327430725098,2.80816650390625,2.855005145072937
7.4765625,2.841916561126709,2.9276061058044434,3.6178200244903564,3.6699390411376953,2.7287158966064453,2.741079807281494,1.9628593921661377,2.043860912322998,-1.8810001611709595,-1.8451403379440308,-1.8819999694824219,-1.9112207889556885,2.787827968597412,2.8456214666366577
7.4921875,2.8310976028442383,2.9003772735595703,3.583911657333374,3.643200397491455,2.7074053287506104,2.7263522148132324,1.9539084434509277,2.027378797531128,-1.8600000143051147,-1.8353396654129028,-1.8619999885559082,-1.8763072490692139,2.7690807580947876,2.8243271708488464
7.515625,2.7991504669189453,2.8969345092773438,3.580188512802124,3.637878179550171,2.674008369445801,2.722299098968506,1.9516820907592773,2.021735191345215,-1.840000033378601,-1.8190456628799438,-1.842000126838684,-1.8655809164047241,2.751257359981537,2.819711744785309
7.5390625,2.782417058944702,2.8678674697875977,3.532574415206909,3.60835862159729,2.6719489097595215,2.7049365043640137,1.9395208358764648,2.0086920261383057,-1.8189998865127563,-1.794146180152893,-1.8200000524520874,-1.8274309635162354,2.7316153049468994,2.7974636554718018
7.5625,2.7577030658721924,2.857697010040283,3.475897789001465,3.5853662490844727,2.6434528827667236,2.691988706588745,1.9253244400024414,2.0066840648651123,-1.7989999055862427,-1.7449849843978882,-1.7999999523162842,-1.7867228984832764,2.7005945444107056,2.7854340076446533
7.578125,2.737452745437622,2.82692289352417,3.475897789001465,3.5572497844696045,2.6374268531799316,2.671663284301758,1.9188361167907715,1.9867315292358398,-1.777000069618225,-1.747479796409607,-1.7790000438690186,-1.771289587020874,2.6924033761024475,2.760641872882843
7.6015625,2.729438304901123,2.8188414573669434,3.441499948501587,3.5378940105438232,2.615567684173584,2.657909870147705,1.9049124717712402,1.9898571968078613,-1.7549999952316284,-1.691715121269226,-1.7569998502731323,-1.7388356924057007,2.6728546023368835,2.7511256337165833
7.625,2.7037224769592285,2.8031444549560547,3.4449055194854736,3.5286574363708496,2.594072103500366,2.6468091011047363,1.8932733535766602,1.9781453609466553,-1.7339998483657837,-1.7072094678878784,-1.7359999418258667,-1.7390066385269165,2.658993363380432,2.739189088344574
7.640625,2.6862094402313232,2.7725443840026855,3.4012138843536377,3.4986391067504883,2.5998990535736084,2.6345605850219727,1.8859333992004395,1.9623034000396729,-1.715000033378601,-1.7139660120010376,-1.715999960899353,-1.690095067024231,2.643313944339752,2.717011868953705
7.6640625,2.6613194942474365,2.7635600566864014,3.3847365379333496,3.490445613861084,2.5710251331329346,2.624091625213623,1.8734688758850098,1.951326847076416,-1.6929999589920044,-1.7146741151809692,-1.6920000314712524,-1.6945232152938843,2.6226375102996826,2.707356035709381
7.6875,2.638759136199951,2.7322492599487305,3.355520009994507,3.4565181732177734,2.5540084838867188,2.6029229164123535,1.8662662506103516,1.9322853088378906,-1.6720000505447388,-1.7030097246170044,-1.6740000247955322,-1.6626052856445312,2.603638470172882,2.680993914604187
7.703125,2.623934745788574,2.7269444465637207,3.3331797122955322,3.4432008266448975,2.526143789291382,2.5879433155059814,1.8570785522460938,1.922630786895752,-1.649999976158142,-1.6763306856155396,-1.6519999504089355,-1.6727350950241089,2.5850841999053955,2.670179843902588
7.7265625,2.6002025604248047,2.691589832305908,3.3111658096313477,3.4141530990600586,2.527982473373413,2.561070442199707,1.843949794769287,1.8989229202270508,-1.63100004196167,-1.688660740852356,-1.6319999694824219,-1.6652755737304688,2.570825159549713,2.641434073448181
7.75,2.5911903381347656,2.682638168334961,3.262031316757202,3.391909122467041,2.5079028606414795,2.5479183197021484,1.832970142364502,1.8893828392028809,-1.6080000400543213,-1.6513787508010864,-1.6109999418258667,-1.6438403129577637,2.5485236644744873,2.627962112426758
7.765625,2.576901912689209,2.6495094299316406,3.241034507751465,3.3615708351135254,2.4934983253479004,2.520810604095459,1.817206859588623,1.8694672584533691,-1.5880000591278076,-1.6560782194137573,-1.590000033378601,-1.6393101215362549,2.5321604013442993,2.6003395318984985
7.7890625,2.541867733001709,2.646458387374878,3.2115468978881836,3.3495755195617676,2.479257106781006,2.51877498626709,1.8074769973754883,1.873206615447998,-1.5670000314712524,-1.6262823343276978,-1.5690001249313354,-1.6066125631332397,2.5100371837615967,2.5970038771629333
7.8125,2.531543731689453,2.628708839416504,3.191251277923584,3.3301446437835693,2.459937334060669,2.494981288909912,1.7968807220458984,1.8566598892211914,-1.5460001230239868,-1.6069196462631226,-1.5470000505447388,-1.6122266054153442,2.494903266429901,2.577623665332794
7.828125,2.4977307319641113,2.620126724243164,3.1712331771850586,3.3183162212371826,2.4357755184173584,2.4964303970336914,1.7901949882507324,1.8586225509643555,-1.5240000486373901,-1.6058974266052246,-1.5260000228881836,-1.5784779787063599,2.473733603954315,2.5733739733695984
7.8515625,2.48445725440979,2.5934596061706543,3.145892381668091,3.2873618602752686,2.4204888343811035,2.4672932624816895,1.783553123474121,1.8348760604858398,-1.503999948501587,-1.5730823278427124,-1.5049999952316284,-1.5686148405075073,2.4585978984832764,2.545747697353363
7.875,2.461564779281616,2.579801082611084,3.112778663635254,3.2720043659210205,2.402059555053711,2.4567408561706543,1.764814853668213,1.8300726413726807,-1.4829999208450317,-1.5657024383544922,-1.4839998483657837,-1.5529316663742065,2.4353044629096985,2.53465473651886
7.8984375,2.4438700675964355,2.559298515319824,3.0938072204589844,3.246073007583618,2.390475034713745,2.4393258094787598,1.759261131286621,1.8201916217803955,-1.4620000123977661,-1.5409400463104248,-1.4630001783370972,-1.5344470739364624,2.4218533635139465,2.5162222385406494
7.9140625,2.429579496383667,2.5442962646484375,3.069777727127075,3.2267117500305176,2.37086820602417,2.423119068145752,1.7555756568908691,1.8124372959136963,-1.440999984741211,-1.5228784084320068,-1.4429999589920044,-1.515098214149475,2.4064502716064453,2.501641094684601
7.9375,2.3984076976776123,2.5216526985168457,3.043543815612793,3.1966662406921387,2.3531694412231445,2.4088134765625,1.740968942642212,1.8085672855377197,-1.4199999570846558,-1.490891456604004,-1.4220000505447388,-1.4748722314834595,2.3840224742889404,2.483924925327301
7.9609375,2.3815972805023193,2.4928696155548096,2.9949965476989746,3.1604793071746826,2.340458869934082,2.383040428161621,1.7256817817687988,1.7922475337982178,-1.3990000486373901,-1.4552489519119263,-1.399999976158142,-1.4416382312774658,2.3606836199760437,2.4571592211723328
7.9765625,2.369516611099243,2.4825029373168945,2.980006456375122,3.1381940841674805,2.315433979034424,2.3636131286621094,1.7176837921142578,1.785024881362915,-1.378000020980835,-1.4120736122131348,-1.378999948501587,-1.4416412115097046,2.3456602096557617,2.44233375787735
8.0,2.3427700996398926,2.4535481929779053,2.9504988193511963,3.1042518615722656,2.3031153678894043,2.3454055786132812,1.7027521133422852,1.7747867107391357,-1.3570001125335693,-1.3803536891937256,-1.3589999675750732,-1.3963018655776978,2.3247841000556946,2.419498085975647
8.0234375,2.3223721981048584,2.4473915100097656,2.9359755516052246,3.0952398777008057,2.2788543701171875,2.337092876434326,1.7001404762268066,1.7779309749603271,-1.335999846458435,-1.3705042600631714,-1.3370000123977661,-1.3903262615203857,2.3093356490135193,2.414413809776306
8.0390625,2.3065872192382812,2.4211478233337402,2.9073774814605713,3.059940814971924,2.269883155822754,2.315988779067993,1.6940741539001465,1.7680392265319824,-1.315000057220459,-1.3402594327926636,-1.3170000314712524,-1.3559112548828125,2.2944805026054382,2.39127916097641
8.0625,2.275634765625,2.4049453735351562,2.8770499229431152,3.038139820098877,2.2462892532348633,2.3033559322357178,1.6794977188110352,1.7619493007659912,-1.2930001020431519,-1.3195956945419312,-1.2940000295639038,-1.3294126987457275,2.2696179151535034,2.3770976066589355
8.0859375,2.2632033824920654,2.3746352195739746,2.8541688919067383,3.0051586627960205,2.240464210510254,2.2781596183776855,1.6710247993469238,1.7417669296264648,-1.2740000486373901,-1.301149606704712,-1.2760000228881836,-1.3174179792404175,2.2572153210639954,2.3499301075935364
8.109375,2.2454771995544434,2.3488731384277344,2.8205513954162598,2.9702541828155518,2.2203023433685303,2.2570645809173584,1.6601202487945557,1.725513219833374,-1.2519999742507935,-1.274937629699707,-1.253000020980835,-1.2802125215530396,2.2366127967834473,2.3254262804985046
8.125,2.220045804977417,2.3199222087860107,2.8051438331604004,2.941312789916992,2.197680950164795,2.2324328422546387,1.6419448852539062,1.6991040706634521,-1.2309999465942383,-1.2715144157409668,-1.2330000400543213,-1.2853422164916992,2.2162038683891296,2.2981929779052734
8.1484375,2.2081918716430664,2.316554069519043,2.7705743312835693,2.9181745052337646,2.1837642192840576,2.227752208709717,1.6403095722198486,1.7138009071350098,-1.2110000848770142,-1.2115139961242676,-1.2120000123977661,-1.2337086200714111,2.2007099986076355,2.2940704226493835
8.171875,2.173346757888794,2.274660348892212,2.7410409450531006,2.884126663208008,2.182382106781006,2.1999707221984863,1.6249136924743652,1.6853375434875488,-1.190000057220459,-1.2162288427352905,-1.1920000314712524,-1.221734642982483,2.1804208755493164,2.2610238194465637
8.1875,2.1695399284362793,2.265035390853882,2.7101094722747803,2.8525443077087402,2.1416664123535156,2.180429220199585,1.616910457611084,1.676300048828125,-1.1669999361038208,-1.1597516536712646,-1.1690000295639038,-1.19990074634552,2.159556567668915,2.243577241897583
8.2109375,2.1544382572174072,2.226572036743164,2.6818795204162598,2.814173460006714,2.137673854827881,2.155181407928467,1.6050314903259277,1.6588892936706543,-1.1460000276565552,-1.1512480974197388,-1.1480000019073486,-1.1709105968475342,2.144755780696869,2.2137040495872498
8.234375,2.1248271465301514,2.209228038787842,2.6542446613311768,2.7847280502319336,2.116614580154419,2.1338114738464355,1.5956354141235352,1.648585319519043,-1.125,-1.1119636297225952,-1.1269999742507935,-1.146819829940796,2.1228304505348206,2.1940882205963135
8.25,2.098353147506714,2.17789888381958,2.638712167739868,2.7503180503845215,2.0997893810272217,2.1112618446350098,1.5878772735595703,1.6309781074523926,-1.1050001382827759,-1.0978764295578003,-1.1059999465942383,-1.1308931112289429,2.1061829924583435,2.167614221572876
8.2734375,2.0794870853424072,2.160827875137329,2.621458053588867,2.7284440994262695,2.089559555053711,2.1008248329162598,1.580183506011963,1.63014554977417,-1.084999918937683,-1.0726382732391357,-1.0859999656677246,-1.0903228521347046,2.092672049999237,2.155060589313507
8.296875,2.0655453205108643,2.1351284980773926,2.5857725143432617,2.6925125122070312,2.0656332969665527,2.0783777236938477,1.5597243309020996,1.6073486804962158,-1.0640000104904175,-1.0582776069641113,-1.065000057220459,-1.081335186958313,2.0691688656806946,2.128341853618622
8.3125,2.048363208770752,2.1123595237731934,2.5655577182769775,2.6575655937194824,2.0532450675964355,2.063477039337158,1.5597243309020996,1.6064136028289795,-1.0429999828338623,-1.021702527999878,-1.0440000295639038,-1.0361642837524414,2.056722581386566,2.1099539399147034
8.3359375,2.0269789695739746,2.0882930755615234,2.5456583499908447,2.625670909881592,2.0373454093933105,2.0449705123901367,1.5455951690673828,1.585073709487915,-1.027999997138977,-1.0127726793289185,-1.0290000438690186,-1.0141066312789917,2.038894474506378,2.0860020518302917
8.359375,2.007100820541382,2.055816650390625,2.5243008136749268,2.5853304862976074,2.0133259296417236,2.0149004459381104,1.531682014465332,1.560490369796753,-1.0160000324249268,-0.9991590976715088,-1.0169999599456787,-1.0069252252578735,2.019102394580841,2.054134488105774
8.3828125,1.9951305389404297,2.0406312942504883,2.477531909942627,2.559687852859497,2.003864288330078,1.9993531703948975,1.5280559062957764,1.5625615119934082,-1.0089999437332153,-0.9549682140350342,-1.0099999904632568,-0.9859840273857117,2.001145660877228,2.0405584573745728
8.3984375,1.970524787902832,2.0063836574554443,2.445641279220581,2.5114197731018066,1.9782626628875732,1.9624075889587402,1.5165488719940186,1.5370275974273682,-1.0069999694824219,-0.909757137298584,-1.0069999694824219,-0.9676323533058167,1.9777444005012512,2.00430965423584
8.421875,1.9506173133850098,1.9808368682861328,2.4291810989379883,2.4754831790924072,1.965686321258545,1.942378282546997,1.4981584548950195,1.5178842544555664,-1.0069999694824219,-0.9038844108581543,-1.0069999694824219,-0.9515926241874695,1.9609107971191406,1.9791456460952759
8.4453125,1.9351606369018555,1.9612846374511719,2.4129385948181152,2.4501726627349854,1.9566316604614258,1.9206242561340332,1.491879940032959,1.5080833435058594,-1.0069999694824219,-0.8821417093276978,-1.0069999694824219,-0.9419660568237305,1.9491527080535889,1.9600412249565125
8.4609375,1.9059062004089355,1.9407203197479248,2.3937277793884277,2.4268460273742676,1.9420795440673828,1.907578468322754,1.4644999504089355,1.4944956302642822,-1.0069999694824219,-0.8874746561050415,-1.0069999694824219,-0.9348127245903015,1.9265533685684204,1.9424101114273071
8.484375,1.8881521224975586,1.9243440628051758,2.3748154640197754,2.400428533554077,1.9124789237976074,1.881561040878296,1.4551148414611816,1.4798331260681152,-1.0069999694824219,-0.8753771781921387,-1.0069999694824219,-0.9438298940658569,1.9076403379440308,1.921541690826416
8.5078125,1.8784184455871582,1.9080734252929688,2.3639180660247803,2.382906913757324,1.9070870876312256,1.8683826923370361,1.4418797492980957,1.468179702758789,-1.0069999694824219,-0.8690119981765747,-1.0069999694824219,-0.9467474818229675,1.897825837135315,1.9068856835365295
8.53125,1.8592219352722168,1.88393235206604,2.3393731117248535,2.349849224090576,1.8847401142120361,1.840242624282837,1.4211153984069824,1.436614751815796,-1.0069999694824219,-0.8714748620986938,-1.0069999694824219,-0.9395384788513184,1.8761126399040222,1.8776597380638123
8.546875,1.8441188335418701,1.8564465045928955,2.3318045139312744,2.3253445625305176,1.8669939041137695,1.8047497272491455,1.4020938873291016,1.3978612422943115,-1.0069999694824219,-0.885062575340271,-1.0069999694824219,-0.9835132956504822,1.861252784729004,1.8461005091667175
8.5703125,1.8292362689971924,1.8365919589996338,2.3212883472442627,2.2987794876098633,1.8526043891906738,1.7807643413543701,1.3927397727966309,1.3792734146118164,-1.0069999694824219,-0.8718546628952026,-1.0069999694824219,-0.9791712760925293,1.84896719455719,1.823852300643921
8.5859375,1.806410789489746,1.8143572807312012,2.283021926879883,2.276116132736206,1.8273985385894775,1.75563645362854,1.3688931465148926,1.3481175899505615,-1.0069999694824219,-0.8801169395446777,-1.0069999694824219,-0.9905479550361633,1.8214311003684998,1.7985568642616272
8.609375,1.7992143630981445,1.8221771717071533,2.2743639945983887,2.2688000202178955,1.825408697128296,1.7452878952026367,1.3604953289031982,1.3504977226257324,-1.0069999694824219,-0.852141261100769,-1.0069999694824219,-1.0136172771453857,1.8148705959320068,1.7966907024383545
8.6328125,1.7788081169128418,1.8236265182495117,2.2529940605163574,2.2652039527893066,1.7998881340026855,1.7235448360443115,1.3260102272033691,1.3349227905273438,-1.0069999694824219,-0.8486263751983643,-1.0069999694824219,-1.060238242149353,1.7894251346588135,1.7868245244026184
8.6484375,1.7622604370117188,1.8140511512756348,2.2375669479370117,2.259446144104004,1.7797350883483887,1.7149684429168701,1.3095769882202148,1.3250396251678467,-1.0069999694824219,-0.8620835542678833,-1.0069999694824219,-1.0730996131896973,1.7722848653793335,1.7783763408660889
8.671875,1.740056037902832,1.802961826324463,2.22509503364563,2.2423267364501953,1.7787857055664062,1.7080907821655273,1.306776762008667,1.321512222290039,-1.0069999694824219,-0.8446385860443115,-1.0069999694824219,-1.0596882104873657,1.7626783847808838,1.7687228918075562
8.6953125,1.7134003639221191,1.7946856021881104,2.2059569358825684,2.22912335395813,1.7525551319122314,1.7015619277954102,1.2830891609191895,1.3147375583648682,-1.0069999694824219,-0.8510465621948242,-1.0069999694824219,-1.0446316003799438,1.738750398159027,1.7600271105766296
8.71875,1.699531078338623,1.7653732299804688,2.195161819458008,2.2014856338500977,1.7369608879089355,1.6786491870880127,1.2637834548950195,1.2875566482543945,-1.0069999694824219,-0.8508332967758179,-1.0069999694824219,-1.0351277589797974,1.7238593101501465,1.7332661747932434
8.734375,1.6890578269958496,1.7543177604675293,2.17783260345459,2.190355062484741,1.7225055694580078,1.6686687469482422,1.2485671043395996,1.2792937755584717,-1.0069999694824219,-0.8534255027770996,-1.0069999694824219,-1.018437385559082,1.7094907760620117,1.723158836364746
8.7578125,1.6676645278930664,1.722524881362915,2.165987253189087,2.1581883430480957,1.7012147903442383,1.6498687267303467,1.2316043376922607,1.2569212913513184,-1.0069999694824219,-0.8449681997299194,-1.0069999694824219,-0.9904969334602356,1.691617727279663,1.696875810623169
8.7734375,1.6544368267059326,1.7027618885040283,2.1439435482025146,2.131984233856201,1.683821201324463,1.6291613578796387,1.2150044441223145,1.23740553855896,-1.0069999694824219,-0.8345376253128052,-1.0069999694824219,-0.9846583008766174,1.6743015050888062,1.675328254699707
8.796875,1.6383476257324219,1.6938426494598389,2.124843120574951,2.1166884899139404,1.6735334396362305,1.621483325958252,1.1987557411193848,1.2340607643127441,-1.0069999694824219,-0.8104921579360962,-1.0069999694824219,-0.9670863151550293,1.658869981765747,1.6665188074111938
8.8203125,1.6188011169433594,1.6651008129119873,2.1060614585876465,2.099217414855957,1.656628131866455,1.600214958190918,1.1700754165649414,1.2022643089294434,-1.0069999694824219,-0.8370717763900757,-1.0069999694824219,-0.9829160571098328,1.6378915309906006,1.6416993737220764
8.84375,1.604771614074707,1.658350944519043,2.0974032878875732,2.089263439178467,1.6441421508789062,1.5937230587005615,1.1630735397338867,1.1984891891479492,-1.0069999694824219,-0.8485801219940186,-1.0069999694824219,-0.972710132598877,1.6273476481437683,1.6349566578865051
8.859375,1.5873479843139648,1.6486616134643555,2.0754432678222656,2.080213785171509,1.6277456283569336,1.5880441665649414,1.1460790634155273,1.1964654922485352,-1.0069999694824219,-0.8305240869522095,-1.0069999694824219,-0.9722505807876587,1.6091539859771729,1.6283462643623352
8.8828125,1.5639169216156006,1.629908800125122,2.0634284019470215,2.0596115589141846,1.5957849025726318,1.57248854637146,1.1290242671966553,1.174372673034668,-1.0069999694824219,-0.8539292812347412,-1.0069999694824219,-0.9723674654960632,1.5880386233329773,1.6090953946113586
8.90625,1.54862380027771,1.616579294204712,2.0491812229156494,2.04440975189209,1.5887417793273926,1.556480884552002,1.1106278896331787,1.1606862545013428,-1.0069999694824219,-0.8447743654251099,-1.0069999694824219,-0.9710867404937744,1.5742936730384827,1.5945390462875366
8.921875,1.5315532684326172,1.584265947341919,2.032789707183838,2.02095365524292,1.5694541931152344,1.5354325771331787,1.0935344696044922,1.129814624786377,-1.0069999694824219,-0.875564694404602,-1.0069999694824219,-0.9619210362434387,1.5568329095840454,1.5676167011260986
8.9453125,1.514801025390625,1.5756919384002686,2.0086545944213867,2.0085372924804688,1.5513100624084473,1.5227956771850586,1.0747830867767334,1.1144940853118896,-1.0069999694824219,-0.8716298341751099,-1.0069999694824219,-0.9788119792938232,1.537387192249298,1.5553797483444214
8.96875,1.4983577728271484,1.5555121898651123,2.0018560886383057,1.9872865676879883,1.5401504039764404,1.5012626647949219,1.0633630752563477,1.09419584274292,-1.0069999694824219,-0.8723442554473877,-1.0069999694824219,-0.9813432097434998,1.5259318351745605,1.5345643162727356
8.984375,1.4802968502044678,1.535656452178955,1.9794988632202148,1.9693164825439453,1.516791820526123,1.4847137928009033,1.03444504737854,1.0692238807678223,-1.0069999694824219,-0.8920855522155762,-1.0069999694824219,-0.9835038185119629,1.5027581453323364,1.5147276520729065
9.0078125,1.4626002311706543,1.5239264965057373,1.961942195892334,1.954284429550171,1.5017855167388916,1.4701592922210693,1.0217626094818115,1.050159215927124,-1.0069999694824219,-0.8904374837875366,-1.0069999694824219,-0.9977299571037292,1.4870226383209229,1.4996323585510254
9.03125,1.446484088897705,1.501983880996704,1.939328908920288,1.9358839988708496,1.4912190437316895,1.4508945941925049,1.0033605098724365,1.0310766696929932,-1.0069999694824219,-0.8991339206695557,-1.0069999694824219,-0.997802734375,1.4700981378555298,1.479959785938263
